Player,Tm,FantPos,Age,G,GS,Cmp,Att_pass,Yds_pass,TD_pass,Int_pass,Att_rush,Yds_rush,Y/A,TD_rush,Tgt,Rec,Yds_rec,Y/R,TD_rec,Fmb,FL,TD_total,2PM,2PP,FantPt,PPR,DKPt,FDPt,VBD,PosRank,OvRank,Year,Team_Yds,Team_Tgt,Team_Att_rush,Team_Yds_rush
Cam Newton,CAR,QB,26,16,16,296,495,3837,35,10,132,636,4.82,10,0,0,0,0.0,0,5,4,10,0,0,389,389.1,409.1,399.1,105,1,5,2015,6156,495,525,2283
Tom Brady,NE,QB,38,16,16,402,624,4770,36,7,34,53,1.56,3,1,1,36,36.0,0,6,2,3,0,0,344,344.7,356.7,351.2,59,2,20,2015,6216,623,383,1404
Russell Wilson,SEA,QB,27,16,16,329,483,4024,34,8,103,553,5.37,1,0,0,0,0.0,0,7,3,1,0,0,336,336.3,353.3,344.3,52,3,24,2015,6082,452,434,2021
Blake Bortles,JAX,QB,23,16,16,355,606,4428,35,18,52,310,5.96,2,0,0,0,0.0,0,14,5,2,0,1,316,316.1,345.1,334.1,32,4,39,2015,5847,597,339,1419
Carson Palmer,ARI,QB,36,16,16,342,537,4671,35,11,25,24,0.96,1,0,0,0,0.0,0,6,2,1,0,0,309,309.2,325.2,320.2,25,5,47,2015,6692,549,452,1917
Drew Brees,NO,QB,36,15,15,428,627,4870,32,11,24,14,0.58,1,0,0,0,0.0,0,5,2,1,0,0,304,304.2,320.2,315.2,20,6,49,2015,6675,628,388,1470
Aaron Rodgers,GB,QB,32,16,16,347,572,3821,31,8,58,344,5.93,1,0,0,0,0.0,0,8,4,1,0,4,301,301.2,319.2,309.2,17,7,53,2015,5667,565,432,1846
Kirk Cousins,WAS,QB,27,16,16,379,543,4166,29,11,26,48,1.85,5,0,0,0,0.0,0,9,3,5,0,2,293,293.4,310.4,304.4,9,8,64,2015,5808,544,418,1514
Matthew Stafford,DET,QB,27,16,16,398,592,4262,32,13,44,159,3.61,1,1,1,-6,-6.0,0,4,2,1,0,0,290,290.8,311.8,303.3,5,9,67,2015,5764,622,352,1301
Eli Manning,NYG,QB,34,16,16,387,618,4432,35,14,20,61,3.05,0,0,0,0,0.0,0,11,4,0,0,0,287,287.4,308.4,301.4,3,10,70,2015,6109,614,403,1609
Ryan Fitzpatrick,NYJ,QB,33,16,16,335,562,3905,31,15,60,270,4.5,2,0,0,0,0.0,0,5,2,2,0,0,285,285.2,308.2,300.2,1,11,73,2015,6038,601,448,1868
Philip Rivers,SDG,QB,34,16,16,437,661,4792,29,13,17,28,1.65,0,0,0,0,0.0,0,4,2,0,0,2,284,284.5,302.5,297.5,0,12,76,2015,6213,657,393,1358
Jameis Winston,TB,QB,21,16,16,312,535,4042,22,15,54,213,3.94,6,0,0,0,0.0,0,6,2,6,0,1,275,275.0,298.0,290.0,0,13,0,2015,6204,525,455,2162
Derek Carr,OAK,QB,24,16,16,350,573,3987,32,13,33,138,4.18,0,0,0,0,0.0,0,10,3,0,0,1,271,271.3,293.3,284.3,0,14,0,2015,5589,567,369,1460
Alex Smith,KC,QB,31,16,16,307,470,3486,20,7,84,498,5.93,2,0,0,0,0.0,0,4,0,2,0,2,271,271.2,284.2,278.2,0,15,0,2015,5533,463,435,2043
Tyrod Taylor,BUF,QB,26,14,14,242,380,3035,20,6,104,568,5.46,4,1,1,4,4.0,0,9,1,4,1,0,271,271.6,284.6,277.1,0,16,0,2015,5988,397,495,2392
Ryan Tannehill,MIA,QB,27,16,16,363,586,4208,24,12,32,141,4.41,1,1,1,9,9.0,0,10,3,1,0,1,257,258.3,279.3,269.8,0,17,0,2015,5605,574,313,1374
Andy Dalton,CIN,QB,28,13,13,255,386,3250,25,7,57,142,2.49,3,0,0,0,0.0,0,5,2,3,0,0,244,244.2,259.2,251.2,0,18,0,2015,5909,490,467,1805
Matt Ryan,ATL,QB,30,16,16,407,614,4591,21,16,36,63,1.75,0,0,0,0,0.0,0,12,5,0,0,1,234,233.9,257.9,249.9,0,19,0,2015,6208,571,420,1606
Ben Roethlisberger,PIT,QB,33,12,11,319,469,3938,21,16,15,29,1.93,0,0,0,-3,0.0,0,2,0,0,0,8,228,228.1,247.1,244.1,0,20,0,2015,6546,583,388,1724
Jay Cutler,CHI,QB,32,15,15,311,483,3659,21,11,38,201,5.29,1,0,0,0,0.0,0,8,5,1,0,1,226,226.5,248.5,237.5,0,21,0,2015,5505,516,463,1846
Marcus Mariota,TEN,QB,22,12,12,230,370,2818,19,10,34,252,7.41,2,1,1,41,41.0,1,10,6,3,0,3,210,211.0,233.0,220.5,0,22,0,2015,5327,537,355,1434
Teddy Bridgewater,MIN,QB,23,16,16,292,447,3231,14,9,44,192,4.36,3,0,0,0,0.0,0,8,3,3,1,0,200,200.4,218.4,209.4,0,23,0,2015,5351,421,444,2105
Sam Bradford,PHI,QB,28,14,14,346,532,3725,19,14,26,39,1.5,0,0,0,0,0.0,0,10,3,0,0,0,195,194.9,214.9,208.9,0,24,0,2015,6084,620,442,1743
Brian Hoyer,HOU,QB,30,11,9,224,369,2606,19,7,15,44,2.93,0,0,0,0,0.0,0,6,2,0,0,0,167,166.6,178.6,173.6,0,25,0,2015,4694,612,455,1697
Joe Flacco,BAL,QB,30,10,10,266,413,2791,14,12,13,23,1.77,3,0,0,0,0.0,0,5,2,3,0,1,162,161.9,178.9,173.9,0,26,0,2015,4591,580,324,1260
Josh McCown,CLE,QB,36,8,8,186,292,2109,12,4,20,98,4.9,1,0,0,0,0.0,0,9,6,1,0,2,132,132.2,145.2,136.2,0,27,0,2015,5605,590,359,1449
Andrew Luck,IND,QB,26,7,7,162,293,1881,15,12,33,196,5.94,0,0,0,0,0.0,0,3,1,0,0,1,131,130.8,149.8,142.8,0,28,0,2015,5307,596,379,1379
Blaine Gabbert,SF,QB,26,8,8,178,282,2031,10,7,32,185,5.78,1,0,0,0,0.0,0,4,1,1,0,0,130,129.7,143.7,136.7,0,29,0,2015,4759,439,276,1113
Brock Osweiler,DEN,QB,25,8,7,170,275,1967,10,6,21,61,2.9,1,0,0,0,0.0,0,4,1,1,0,0,117,116.8,126.8,122.8,0,30,0,2015,5934,575,411,1718
Colin Kaepernick,SF,QB,28,9,8,144,244,1615,6,5,45,256,5.69,1,0,0,0,0.0,0,5,1,1,0,1,110,110.2,122.2,115.2,0,31,0,2015,4759,439,276,1113
Nick Foles,STL,QB,26,11,11,190,337,2052,7,10,17,20,1.18,1,0,0,0,0.0,0,5,2,1,0,1,96,96.1,111.1,106.1,0,32,0,2015,4843,465,428,1932
Johnny Manziel,CLE,QB,23,9,6,129,223,1500,7,5,37,230,6.22,0,0,0,0,0.0,0,6,3,0,0,0,95,95.0,109.0,100.0,0,33,0,2015,5605,590,359,1449
Matt Hasselbeck,IND,QB,40,8,8,156,256,1690,9,5,16,15,0.94,0,0,0,0,0.0,0,3,2,0,0,0,91,91.1,101.1,96.1,0,35,0,2015,5307,596,379,1379
Peyton Manning,DEN,QB,39,10,9,198,331,2249,9,17,6,-6,-1.0,0,0,0,0,0.0,0,1,0,0,0,0,91,91.4,111.4,108.4,0,34,0,2015,5934,575,411,1718
Matt Cassel,2TM,QB,33,9,8,119,204,1276,5,7,15,78,5.2,0,0,0,0,0.0,0,4,0,0,0,1,67,66.8,76.8,73.8,0,36,0,2015,4709,249,432,1644
Brandon Weeden,2TM,QB,32,6,4,97,140,1043,5,2,16,47,2.94,1,0,0,0,0.0,0,2,1,1,0,0,66,66.4,72.4,68.4,0,37,0,2015,4709,249,432,1644
A.J. McCarron,CIN,QB,25,7,3,79,119,854,6,2,14,31,2.21,0,0,0,0,0.0,0,1,1,0,0,0,55,55.3,61.3,57.3,0,38,0,2015,5909,490,467,1805
Case Keenum,STL,QB,27,6,5,76,125,828,4,1,12,5,0.42,0,0,0,0,0.0,0,3,2,0,0,0,44,43.6,49.6,44.6,0,39,0,2015,4843,465,428,1932
Zach Mettenberger,TEN,QB,24,7,4,101,166,935,4,7,9,8,0.89,1,0,0,0,0.0,0,4,2,1,0,0,42,42.2,54.2,49.2,0,40,0,2015,5327,537,355,1434
Tony Romo,DAL,QB,35,4,4,83,121,884,5,7,4,13,3.25,0,0,0,0,0.0,0,1,1,0,0,0,41,40.7,51.7,47.7,0,41,0,2015,3253,507,336,1590
EJ Manuel,BUF,QB,25,7,2,52,84,561,3,3,17,64,3.76,1,0,0,0,0.0,0,2,1,1,0,0,39,38.8,45.8,41.8,0,42,0,2015,5988,397,495,2392
Jimmy Clausen,2TM,QB,28,4,3,72,125,739,2,4,11,36,3.27,0,0,0,0,0.0,0,1,0,0,0,0,33,33.2,40.2,37.2,0,43,0,2015,4709,249,432,1644
Kellen Moore,DAL,QB,26,3,2,61,104,779,4,6,2,-1,-0.5,0,0,0,0,0.0,0,1,1,0,0,0,33,33.1,43.1,39.1,0,44,0,2015,3253,507,336,1590
Mark Sanchez,PHI,QB,29,4,2,59,91,616,4,4,6,22,3.67,0,0,0,0,0.0,0,1,1,0,0,0,33,32.8,40.8,36.8,0,45,0,2015,6084,620,442,1743
Michael Vick,PIT,QB,35,5,3,40,66,371,2,1,20,99,4.95,0,0,0,0,0.0,0,2,0,0,0,0,31,30.7,34.7,31.7,0,46,0,2015,6546,583,388,1724
Matt Schaub,BAL,QB,34,2,2,52,80,540,3,4,4,10,2.5,0,0,0,0,0.0,0,0,0,0,0,0,27,26.6,33.6,30.6,0,47,0,2015,4591,580,324,1260
T.J. Yates,HOU,QB,28,4,2,28,57,370,3,1,6,0,0.0,0,0,0,0,0.0,0,1,1,0,0,0,23,22.8,27.8,23.8,0,48,0,2015,4694,612,455,1697
Landry Jones,PIT,QB,26,7,2,32,55,513,3,4,5,-5,-1.0,0,0,0,0,0.0,0,1,1,0,0,0,22,22.0,30.0,26.0,0,49,0,2015,6546,583,388,1724
Geno Smith,NYJ,QB,25,1,0,27,42,265,2,1,2,34,17.0,0,0,0,0,0.0,0,0,0,0,0,0,20,20.0,21.0,21.0,0,50,0,2015,6038,601,448,1868
Austin Davis,CLE,QB,26,3,2,56,94,547,1,3,7,33,4.71,0,0,0,0,0.0,0,2,2,0,0,0,19,19.2,27.2,22.2,0,51,0,2015,5605,590,359,1449
Luke McCown,NO,QB,34,8,1,32,39,335,0,1,0,0,0.0,0,0,0,0,0.0,0,0,0,0,0,0,11,11.4,15.4,12.4,0,52,0,2015,6675,628,388,1470
Josh Freeman,IND,QB,27,1,1,15,28,149,1,1,8,24,3.0,0,0,0,0,0.0,0,0,0,0,0,0,10,10.4,11.4,11.4,0,53,0,2015,5307,596,379,1379
Matt McGloin,OAK,QB,26,2,0,23,32,142,2,1,0,0,0.0,0,0,0,0,0.0,0,1,1,0,0,0,10,9.7,11.7,10.7,0,55,0,2015,5589,567,369,1460
Dan Orlovsky,DET,QB,32,2,0,22,40,201,1,1,0,0,0.0,0,0,0,0,0.0,0,0,0,0,0,0,10,10.0,11.0,11.0,0,54,0,2015,5764,622,352,1301
Colt McCoy,WAS,QB,29,2,0,7,11,128,1,0,3,-3,-1.0,0,0,0,0,0.0,0,1,0,0,0,0,9,8.8,8.8,8.8,0,56,0,2015,5808,544,418,1514
Alex Tanney,TEN,QB,28,1,0,10,14,99,1,0,0,0,0.0,0,0,0,0,0.0,0,0,0,0,0,0,8,8.0,8.0,8.0,0,57,0,2015,5327,537,355,1434
Ryan Nassib,NYG,QB,25,1,0,5,5,68,1,0,0,0,0.0,0,0,0,0,0.0,0,0,0,0,0,0,7,6.7,6.7,6.7,0,58,0,2015,6109,614,403,1609
Kellen Clemens,SDG,QB,32,2,0,5,6,63,1,0,1,-1,-1.0,0,0,0,0,0.0,0,0,0,0,0,0,6,6.4,6.4,6.4,0,59,0,2015,6213,657,393,1358
Ryan Lindley,IND,QB,26,1,0,6,10,58,1,0,0,0,0.0,0,0,0,0,0.0,0,0,0,0,0,0,6,6.3,6.3,6.3,0,60,0,2015,5307,596,379,1379
Charlie Whitehurst,IND,QB,33,4,0,16,32,150,0,1,2,1,0.5,0,0,0,0,0.0,0,0,0,0,0,0,4,4.1,5.1,5.1,0,61,0,2015,5307,596,379,1379
B.J. Daniels,2TM,QB,27,8,0,1,2,7,0,0,6,6,1.0,0,2,2,18,9.0,0,0,0,0,0,0,3,4.7,4.7,3.7,0,62,0,2015,4709,249,432,1644
Derek Anderson,CAR,QB,32,3,0,4,6,36,0,0,7,-2,-0.29,0,0,0,0,0.0,0,1,0,0,0,0,1,1.2,1.2,1.2,0,63,0,2015,6156,495,525,2283
Tarvaris Jackson,SEA,QB,32,4,0,4,6,37,0,0,8,-8,-1.0,0,0,0,0,0.0,0,0,0,0,0,0,1,0.7,0.7,0.7,0,65,0,2015,6082,452,434,2021
Sean Mannion,STL,QB,23,1,0,6,7,31,0,0,0,0,0.0,0,0,0,0,0.0,0,0,0,0,0,0,1,1.2,1.2,1.2,0,64,0,2015,4843,465,428,1932
Chase Daniel,KC,QB,29,2,0,2,2,4,0,0,2,-2,-1.0,0,0,0,0,0.0,0,0,0,0,0,0,0,0.0,0.0,0.0,0,69,0,2015,5533,463,435,2043
Jimmy Garoppolo,NE,QB,24,5,0,1,4,6,0,0,5,-5,-1.0,0,0,0,0,0.0,0,0,0,0,0,0,0,-0.3,-0.3,-0.3,0,71,0,2015,6216,623,383,1404
Shaun Hill,MIN,QB,35,3,0,2,7,15,0,0,4,-5,-1.25,0,0,0,0,0.0,0,0,0,0,0,0,0,0.1,0.1,0.1,0,67,0,2015,5351,421,444,2105
Matt Moore,MIA,QB,31,1,0,1,1,14,0,0,3,-2,-0.67,0,0,0,0,0.0,0,0,0,0,0,0,0,0.4,0.4,0.4,0,66,0,2015,5605,574,313,1374
Trevor Siemian,DEN,QB,24,1,0,0,0,0,0,0,1,-1,-1.0,0,0,0,0,0.0,0,0,0,0,0,0,0,-0.1,-0.1,-0.1,0,70,0,2015,5934,575,411,1718
Drew Stanton,ARI,QB,31,7,0,11,25,104,0,2,13,-13,-1.0,0,0,0,0,0.0,0,0,0,0,0,0,-1,-1.1,0.9,0.9,0,72,0,2015,6692,549,452,1917
Sean Renfree,ATL,QB,25,2,0,3,7,11,0,1,1,-4,-4.0,0,0,0,0,0.0,0,0,0,0,0,0,-2,-2.0,-1.0,-1.0,0,73,0,2015,6208,571,420,1606
Aaron Rodgers,GB,QB,33,16,16,401,610,4428,40,7,67,369,5.51,4,0,0,0,0.0,0,8,4,4,1,1,380,380.0,397.0,387.0,119,1,3,2016,6027,609,338,1582
Matt Ryan,ATL,QB,31,16,16,373,534,4944,38,7,35,117,3.34,0,0,0,0,0.0,0,4,2,0,1,1,347,347.5,362.5,354.5,87,2,9,2016,6888,498,421,1928
Drew Brees,NO,QB,37,16,16,471,673,5208,37,15,23,20,0.87,2,0,0,0,0.0,0,5,4,2,0,0,332,332.3,354.3,347.3,72,3,14,2016,7000,657,404,1742
Andrew Luck,IND,QB,27,15,15,346,545,4240,31,13,64,341,5.33,2,0,0,0,0.0,0,6,5,2,0,2,308,307.7,331.7,320.7,47,4,22,2016,5865,572,402,1625
Kirk Cousins,WAS,QB,28,16,16,406,606,4917,25,12,34,96,2.82,4,0,0,0,0.0,0,9,3,4,0,0,300,300.3,318.3,312.3,40,5,26,2016,6613,592,379,1696
Dak Prescott,DAL,QB,23,16,16,311,459,3667,23,4,57,282,4.95,6,0,0,0,0.0,0,9,4,6,0,0,287,286.9,300.9,290.9,26,6,38,2016,6160,475,496,2361
Matthew Stafford,DET,QB,28,16,16,388,594,4327,24,10,37,207,5.59,2,1,0,0,0.0,0,3,2,2,0,1,280,279.8,297.8,289.8,19,7,47,2016,5599,574,337,1272
Tyrod Taylor,BUF,QB,27,15,15,269,436,3023,17,6,95,580,6.11,6,0,0,0,0.0,0,4,2,6,1,1,271,270.9,284.9,276.9,10,8,55,2016,5864,436,491,2614
Blake Bortles,JAX,QB,24,16,16,368,625,3905,23,16,58,359,6.19,3,1,1,20,20.0,1,8,6,4,1,1,270,271.1,299.1,286.6,9,9,58,2016,5556,623,392,1631
Derek Carr,OAK,QB,25,15,15,357,560,3937,28,6,39,70,1.79,0,0,0,0,0.0,0,5,3,0,0,5,268,268.5,280.5,274.5,8,10,60,2016,6032,563,432,1895
Russell Wilson,SEA,QB,28,16,16,353,546,4219,21,11,72,259,3.6,1,2,2,14,7.0,1,8,2,2,0,1,268,270.1,289.1,280.1,7,11,62,2016,5464,510,268,1042
Andy Dalton,CIN,QB,29,16,16,364,563,4206,18,8,46,184,4.0,4,0,0,0,0.0,0,9,3,4,0,0,261,260.6,277.6,268.6,0,12,75,2016,5975,541,446,1769
Marcus Mariota,TEN,QB,23,15,15,276,451,3426,26,9,60,349,5.82,2,1,0,0,0.0,0,10,5,2,0,0,260,259.9,279.9,268.9,0,13,0,2016,5909,486,475,2189
Tom Brady,NE,QB,39,12,12,291,432,3554,28,2,28,64,2.29,0,0,0,0,0.0,0,5,0,0,0,1,259,258.6,263.6,260.6,0,15,0,2016,6328,540,482,1872
Philip Rivers,SDG,QB,35,16,16,349,578,4386,33,21,14,35,2.5,0,0,0,0,0.0,0,9,5,0,0,0,259,258.9,287.9,279.9,0,14,0,2016,5815,556,374,1429
Jameis Winston,TB,QB,22,16,16,345,567,4090,28,18,53,165,3.11,1,0,0,0,0.0,0,10,6,1,0,3,256,256.1,286.1,274.1,0,16,0,2016,5776,562,452,1611
Cam Newton,CAR,QB,27,15,14,270,510,3509,19,14,90,359,3.99,5,0,0,0,0.0,0,3,2,5,1,1,254,254.3,276.3,268.3,0,17,0,2016,5776,552,453,1814
Ben Roethlisberger,PIT,QB,34,14,14,328,509,3819,29,13,16,14,0.88,1,0,0,0,0.0,0,8,2,1,0,3,252,252.2,270.2,265.2,0,18,0,2016,6140,590,408,1763
Carson Palmer,ARI,QB,37,15,15,364,597,4233,26,14,14,38,2.71,0,0,0,0,0.0,0,14,4,0,0,1,243,243.1,264.1,257.1,0,19,0,2016,6157,562,398,1732
Joe Flacco,BAL,QB,31,16,16,436,672,4317,20,15,21,58,2.76,2,0,0,0,0.0,0,5,3,2,0,4,242,242.5,263.5,257.5,0,20,0,2016,5711,650,329,1394
Eli Manning,NYG,QB,35,16,16,377,598,4027,26,16,21,-9,-0.43,0,0,0,0,0.0,0,7,4,0,0,0,224,224.2,247.2,240.2,0,21,0,2016,5439,597,398,1412
Alex Smith,KC,QB,32,15,15,328,489,3502,15,8,48,134,2.79,5,1,1,3,3.0,0,7,4,5,0,2,224,224.8,242.8,232.3,0,22,0,2016,5636,531,398,1724
Sam Bradford,MIN,QB,29,15,15,395,552,3877,20,5,20,53,2.65,0,1,1,5,5.0,0,10,5,0,0,0,221,221.9,234.9,226.4,0,23,0,2016,4872,539,241,753
Carson Wentz,PHI,QB,24,16,16,379,607,3782,16,14,46,150,3.26,2,1,1,7,7.0,0,14,3,2,1,1,213,214.0,237.0,227.5,0,24,0,2016,5601,587,434,1803
Colin Kaepernick,SF,QB,29,12,11,196,331,2241,16,4,69,468,6.78,2,0,0,0,0.0,0,9,3,2,1,0,200,200.4,213.4,204.4,0,25,0,2016,5179,487,457,2013
Trevor Siemian,DEN,QB,25,14,14,289,486,3401,18,10,28,57,2.04,0,0,0,0,0.0,0,4,2,0,1,0,192,191.7,206.7,201.7,0,26,0,2016,5221,518,366,1323
Ryan Tannehill,MIA,QB,28,13,13,261,389,2995,19,12,39,164,4.21,1,0,0,0,0.0,0,9,3,1,0,1,190,190.2,211.2,202.2,0,27,0,2016,5540,467,404,1824
Brock Osweiler,HOU,QB,26,15,14,301,510,2957,15,16,30,131,4.37,2,1,1,-14,-14.0,0,5,1,2,0,0,168,169.0,192.0,184.5,0,28,0,2016,5277,577,456,1859
Ryan Fitzpatrick,NYJ,QB,34,14,11,228,403,2710,12,17,33,130,3.94,0,0,0,0,0.0,0,9,1,0,0,0,133,133.4,157.4,150.4,0,29,0,2016,5437,525,413,1792
Case Keenum,LAR,QB,28,10,9,196,322,2201,9,11,20,51,2.55,1,0,0,0,0.0,0,5,1,1,0,0,111,111.1,126.1,122.1,0,30,0,2016,4561,529,375,1252
Brian Hoyer,CHI,QB,31,6,5,134,200,1445,6,0,7,-2,-0.29,0,0,0,0,0.0,0,3,1,0,0,0,80,79.6,83.6,79.6,0,31,0,2016,5866,529,376,1727
Cody Kessler,CLE,QB,23,9,8,128,195,1380,6,2,11,18,1.64,0,0,0,0,0.0,0,4,1,0,0,1,77,77.0,83.0,79.0,0,32,0,2016,5405,558,350,1712
Blaine Gabbert,SF,QB,27,6,5,91,160,925,5,6,40,173,4.33,2,1,1,-16,-16.0,0,0,0,2,0,0,73,73.7,85.7,79.2,0,33,0,2016,5179,487,457,2013
Matt Barkley,CHI,QB,26,7,6,129,216,1611,8,14,7,2,0.29,0,1,1,2,2.0,1,4,2,1,0,0,71,71.8,90.8,85.3,0,34,0,2016,5866,529,376,1727
Robert Griffin III,CLE,QB,26,5,5,87,147,886,2,3,31,190,6.13,2,0,0,0,0.0,0,4,1,2,0,0,66,66.4,76.4,69.4,0,35,0,2016,5405,558,350,1712
Matt Moore,MIA,QB,32,4,3,55,87,721,8,3,1,-1,-1.0,0,0,0,0,0.0,0,1,0,0,0,0,55,54.7,60.7,57.7,0,36,0,2016,5540,467,404,1824
Jared Goff,LAR,QB,22,7,7,112,205,1089,5,7,8,16,2.0,1,0,0,0,0.0,0,5,2,1,0,0,53,53.2,65.2,60.2,0,37,0,2016,4561,529,375,1252
Josh McCown,CLE,QB,37,5,3,90,165,1100,6,6,7,21,3.0,0,0,0,0,0.0,0,7,4,0,0,1,52,52.1,65.1,58.1,0,38,0,2016,5405,558,350,1712
Jay Cutler,CHI,QB,33,5,5,81,137,1059,4,5,5,24,4.8,0,0,0,0,0.0,0,6,2,0,0,0,47,46.8,56.8,51.8,0,39,0,2016,5866,529,376,1727
Jimmy Garoppolo,NE,QB,25,6,2,43,63,502,4,0,10,6,0.6,0,1,1,3,3.0,0,2,1,0,0,0,35,36.0,40.0,35.5,0,40,0,2016,6328,540,482,1872
Landry Jones,PIT,QB,27,8,2,53,86,558,4,2,6,-4,-0.67,0,0,0,0,0.0,0,0,0,0,0,0,34,33.9,38.9,35.9,0,41,0,2016,6140,590,408,1763
Bryce Petty,NYJ,QB,25,6,4,75,133,809,3,7,5,19,3.8,0,0,0,0,0.0,0,1,1,0,1,0,32,32.3,43.3,39.3,0,42,0,2016,5437,525,413,1792
Jacoby Brissett,NE,QB,24,3,2,34,55,400,0,0,16,83,5.19,1,0,0,0,0.0,0,3,1,1,0,0,28,28.3,32.3,28.3,0,44,0,2016,6328,540,482,1872
Nick Foles,KC,QB,27,3,1,36,55,410,3,0,4,-4,-1.0,0,0,0,0,0.0,0,0,0,0,0,0,28,28.0,31.0,28.0,0,45,0,2016,5636,531,398,1724
Paxton Lynch,DEN,QB,22,3,2,49,83,497,2,1,11,25,2.27,0,0,0,0,0.0,0,2,0,0,0,0,28,28.4,32.4,29.4,0,43,0,2016,5221,518,366,1323
Tom Savage,HOU,QB,26,3,2,46,73,461,0,0,6,12,2.0,0,0,0,0,0.0,0,1,1,0,0,0,18,17.6,21.6,17.6,0,46,0,2016,5277,577,456,1859
Derek Anderson,CAR,QB,33,5,2,36,53,453,2,5,1,4,4.0,0,0,0,0,0.0,0,1,1,0,0,1,17,16.5,25.5,21.5,0,48,0,2016,5776,552,453,1814
Kevin Hogan,CLE,QB,24,4,0,14,26,104,0,2,8,105,13.13,1,0,0,0,0.0,0,0,0,1,0,0,17,16.7,21.7,18.7,0,47,0,2016,5405,558,350,1712
Matt Cassel,TEN,QB,34,4,1,30,51,284,2,2,4,3,0.75,0,0,0,0,0.0,0,1,0,0,0,0,16,15.7,17.7,17.7,0,49,0,2016,5909,486,475,2189
Shaun Hill,MIN,QB,36,3,1,19,35,242,0,0,5,5,1.0,0,0,0,0,0.0,0,0,0,0,0,0,10,10.2,10.2,10.2,0,50,0,2016,4872,539,241,753
Mike Glennon,TB,QB,27,2,0,10,11,75,1,0,0,0,0.0,0,0,0,0,0.0,0,0,0,0,0,1,9,9.0,9.0,9.0,0,53,0,2016,5776,562,452,1611
Drew Stanton,ARI,QB,32,5,1,19,48,192,2,3,3,-3,-1.0,0,0,0,0,0.0,0,0,0,0,0,0,9,9.4,12.4,12.4,0,51,0,2016,6157,562,398,1732
Charlie Whitehurst,CLE,QB,34,1,0,14,24,182,1,1,2,1,0.5,0,0,0,0,0.0,0,0,0,0,0,0,9,9.4,10.4,10.4,0,52,0,2016,5405,558,350,1712
Trevone Boykin,SEA,QB,23,5,0,13,18,145,1,1,8,1,0.13,0,0,0,0,0.0,0,1,0,0,0,0,8,7.9,8.9,8.9,0,55,0,2016,5464,510,268,1042
Geno Smith,NYJ,QB,26,2,1,8,14,126,1,1,2,9,4.5,0,0,0,0,0.0,0,1,0,0,0,0,8,7.9,8.9,8.9,0,54,0,2016,5437,525,413,1792
EJ Manuel,BUF,QB,26,6,1,11,26,131,0,0,8,22,2.75,0,0,0,0,0.0,0,2,1,0,0,1,7,7.4,8.4,7.4,0,56,0,2016,5864,436,491,2614
Connor Cook,OAK,QB,23,1,0,14,21,150,1,1,0,0,0.0,0,0,0,0,0.0,0,2,1,0,0,0,6,6.0,8.0,7.0,0,57,0,2016,6032,563,432,1895
Tony Romo,DAL,QB,36,1,0,3,4,29,1,0,0,0,0.0,0,0,0,0,0.0,0,0,0,0,0,0,5,5.2,5.2,5.2,0,58,0,2016,6160,475,496,2361
Cardale Jones,BUF,QB,24,1,0,6,11,96,0,1,1,-1,-1.0,0,0,0,0,0.0,0,0,0,0,0,0,2,1.7,2.7,2.7,0,59,0,2016,5864,436,491,2614
Matt McGloin,OAK,QB,27,3,1,8,15,50,0,0,3,-3,-1.0,0,0,0,0,0.0,0,0,0,0,0,0,2,1.7,1.7,1.7,0,60,0,2016,6032,563,432,1895
Chase Daniel,PHI,QB,30,1,0,1,1,16,0,0,0,0,0.0,0,0,0,0,0.0,0,0,0,0,0,0,1,0.6,0.6,0.6,0,62,0,2016,5601,587,434,1803
David Fales,CHI,QB,26,1,0,2,5,22,0,0,1,0,0.0,0,0,0,0,0.0,0,1,0,0,0,0,1,0.9,0.9,0.9,0,61,0,2016,5866,529,376,1727
Kellen Clemens,SDG,QB,33,12,0,0,1,0,0,0,2,-1,-0.5,0,0,0,0,0.0,0,0,0,0,0,0,0,-0.1,-0.1,-0.1,0,66,0,2016,5815,556,374,1429
Chad Henne,JAX,QB,31,1,0,0,0,0,0,0,1,-2,-2.0,0,0,0,0,0.0,0,0,0,0,0,0,0,-0.2,-0.2,-0.2,0,67,0,2016,5556,623,392,1631
Mark Sanchez,DAL,QB,30,2,0,10,18,93,0,2,4,-2,-0.5,0,0,0,0,0.0,0,0,0,0,0,0,0,-0.5,1.5,1.5,0,68,0,2016,6160,475,496,2361
Matt Schaub,ATL,QB,35,4,0,1,3,16,0,0,2,-2,-1.0,0,0,0,0,0.0,0,0,0,0,0,0,0,0.4,0.4,0.4,0,63,0,2016,6888,498,421,1928
Sean Mannion,LAR,QB,24,1,0,3,6,19,0,1,1,-1,-1.0,0,0,0,0,0.0,0,1,0,0,0,0,-1,-1.3,-0.3,-0.3,0,69,0,2016,4561,529,375,1252
Brett Hundley,GB,QB,23,4,0,2,10,17,0,1,3,-2,-0.67,0,0,0,0,0.0,0,1,0,0,0,0,-2,-1.5,-0.5,-0.5,0,70,0,2016,6027,609,338,1582
Russell Wilson,SEA,QB,29,16,16,339,553,3983,34,11,95,586,6.17,3,0,0,0,0.0,0,14,3,3,0,2,348,347.9,367.9,358.9,93,1,9,2017,5612,526,409,1629
Cam Newton,CAR,QB,28,16,16,291,492,3302,22,16,139,754,5.42,6,0,0,0,0.0,0,9,1,6,1,0,299,299.5,322.5,315.5,44,2,23,2017,5394,425,488,2075
Tom Brady,NE,QB,40,16,16,385,581,4577,32,8,25,28,1.12,0,0,0,0,0.0,0,7,3,0,0,2,296,295.9,309.9,303.9,41,3,28,2017,6455,573,443,1878
Alex Smith,KC,QB,33,15,15,341,505,4042,26,5,60,355,5.92,1,0,0,0,0.0,0,1,1,1,0,0,295,295.2,307.2,300.2,40,4,29,2017,6229,515,405,1903
Carson Wentz,PHI,QB,25,13,13,265,440,3296,33,7,64,299,4.67,0,0,0,0,0.0,0,9,3,0,0,4,282,281.7,297.7,288.7,26,5,40,2017,5674,541,403,1707
Kirk Cousins,WAS,QB,29,16,16,347,540,4093,27,13,49,179,3.65,4,0,0,0,0.0,0,13,5,4,0,0,278,277.6,301.6,290.6,22,6,43,2017,5512,533,393,1419
Matthew Stafford,DET,QB,29,16,16,371,565,4446,29,10,29,98,3.38,0,0,0,0,0.0,0,12,7,0,1,1,274,273.6,293.6,283.6,18,7,53,2017,5681,564,362,1211
Philip Rivers,LAC,QB,36,16,16,360,575,4515,28,10,18,-2,-0.11,0,0,0,0,0.0,0,8,1,0,0,0,270,270.4,284.4,280.4,15,8,57,2017,6146,566,419,1595
Drew Brees,NO,QB,38,16,16,386,536,4334,23,8,33,12,0.36,2,0,0,0,0.0,0,5,0,2,0,0,263,262.6,273.6,270.6,7,9,63,2017,6319,525,416,1985
Ben Roethlisberger,PIT,QB,35,15,15,360,561,4251,28,14,28,47,1.68,0,0,0,0,0.0,0,3,1,0,0,2,261,260.7,278.7,274.7,5,10,67,2017,6157,584,437,1667
Dak Prescott,DAL,QB,24,16,16,308,490,3324,22,13,57,357,6.26,6,0,0,0,0.0,0,4,3,6,0,0,261,260.7,282.7,273.7,5,11,68,2017,5472,480,479,2146
Jared Goff,LAR,QB,23,15,15,296,477,3804,28,7,28,51,1.82,1,0,0,0,0.0,0,8,3,1,0,0,255,255.3,268.3,262.3,0,12,0,2017,5942,510,454,1953
Blake Bortles,JAX,QB,25,16,16,315,523,3687,21,13,57,322,5.65,2,0,0,0,0.0,0,9,3,2,0,3,250,249.7,271.7,262.7,0,13,0,2017,5949,513,527,2262
Case Keenum,MIN,QB,29,15,14,325,481,3547,22,7,40,160,4.0,1,0,0,0,0.0,0,1,1,1,0,1,238,237.9,251.9,244.9,0,14,0,2017,5886,520,501,1957
Matt Ryan,ATL,QB,32,16,16,342,529,4095,20,12,32,143,4.47,0,0,0,0,0.0,0,4,3,0,0,0,228,228.1,249.1,240.1,0,15,0,2017,5993,516,429,1847
Tyrod Taylor,BUF,QB,28,15,14,263,420,2799,14,4,84,427,5.08,4,0,0,0,0.0,0,4,2,4,0,0,223,222.7,234.7,226.7,0,16,0,2017,5014,347,461,1928
Andy Dalton,CIN,QB,30,16,16,297,496,3320,25,12,38,99,2.61,0,0,0,0,0.0,0,4,4,0,0,0,211,210.7,229.7,222.7,0,17,0,2017,4715,485,366,1329
Marcus Mariota,TEN,QB,24,15,15,281,453,3232,13,15,60,312,5.2,5,0,0,0,0.0,0,2,1,5,0,0,210,210.5,232.5,225.5,0,18,0,2017,5172,481,438,1778
Jacoby Brissett,IND,QB,25,16,15,276,469,3098,13,7,63,260,4.13,4,0,0,0,0.0,0,8,3,4,0,0,206,205.9,221.9,212.9,0,20,0,2017,4757,467,449,1659
Derek Carr,OAK,QB,26,15,15,323,515,3496,22,13,23,66,2.87,0,0,0,0,0.0,0,8,3,0,0,2,206,206.4,225.4,219.4,0,19,0,2017,5329,552,368,1568
Josh McCown,NYJ,QB,38,13,13,267,397,2926,18,9,37,124,3.35,5,0,0,0,0.0,0,11,4,5,0,0,205,205.4,224.4,214.4,0,21,0,2017,5168,484,424,1698
Jameis Winston,TB,QB,23,13,13,282,442,3504,19,11,33,135,4.09,1,0,0,0,0.0,0,15,7,1,0,1,202,201.7,225.7,212.7,0,22,0,2017,6040,590,386,1433
Eli Manning,NYG,QB,36,15,15,352,571,3468,19,13,12,26,2.17,1,0,0,0,0.0,0,11,5,1,0,0,187,187.3,208.3,200.3,0,23,0,2017,5228,593,392,1548
Joe Flacco,BAL,QB,32,16,16,352,549,3141,18,13,25,54,2.16,1,0,0,0,0.0,0,6,0,1,0,1,185,185.0,201.0,198.0,0,24,0,2017,5000,555,456,1859
DeShone Kizer,CLE,QB,21,15,15,255,476,2894,11,22,77,419,5.44,5,0,0,0,0.0,0,9,6,5,0,0,176,175.7,209.7,197.7,0,25,0,2017,5251,527,384,1714
Deshaun Watson,HOU,QB,22,7,6,126,204,1699,19,8,36,269,7.47,2,0,0,0,0.0,0,3,1,2,1,1,169,168.9,183.9,176.9,0,26,0,2017,5484,507,443,1840
Jay Cutler,MIA,QB,34,14,14,266,429,2666,19,14,19,32,1.68,0,0,0,0,0.0,0,6,0,0,0,0,158,157.8,174.8,171.8,0,27,0,2017,4715,557,222,923
Mitchell Trubisky,CHI,QB,23,12,12,196,330,2193,7,7,41,248,6.05,2,0,0,0,0.0,0,10,3,2,1,0,135,134.5,150.5,141.5,0,28,0,2017,4835,410,422,1788
Aaron Rodgers,GB,QB,34,7,7,154,238,1675,16,6,24,126,5.25,0,0,0,0,0.0,0,1,1,0,0,0,130,129.6,142.6,135.6,0,29,0,2017,5249,516,385,1717
Trevor Siemian,DEN,QB,26,11,10,206,349,2285,12,14,31,127,4.1,1,0,0,0,0.0,0,5,2,1,0,0,126,126.1,148.1,140.1,0,30,0,2017,5520,522,457,1852
Brett Hundley,GB,QB,24,11,9,192,316,1836,9,12,36,270,7.5,2,1,1,10,10.0,0,4,2,2,0,1,123,124.4,144.4,135.9,0,31,0,2017,5249,516,385,1717
Carson Palmer,ARI,QB,38,7,7,164,267,1978,9,7,14,12,0.86,0,0,0,0,0.0,0,2,0,0,0,0,102,102.3,112.3,109.3,0,32,0,2017,4864,526,265,885
C.J. Beathard,SF,QB,24,7,5,123,224,1430,4,6,26,136,5.23,3,0,0,0,0.0,0,3,2,3,0,0,89,88.8,102.8,94.8,0,33,0,2017,4645,551,403,1655
Jimmy Garoppolo,SF,QB,26,6,5,120,178,1560,7,5,15,11,0.73,1,1,1,-6,-6.0,0,1,0,1,0,0,87,87.9,95.9,92.4,0,34,0,2017,4645,551,403,1655
Ryan Fitzpatrick,TB,QB,35,6,3,96,163,1103,7,3,15,78,5.2,0,0,0,0,0.0,0,0,0,0,0,0,74,73.9,79.9,76.9,0,35,0,2017,6040,590,386,1433
Brock Osweiler,DEN,QB,27,6,4,96,172,1088,5,5,14,64,4.57,1,0,0,0,0.0,0,2,1,1,0,2,68,67.9,76.9,72.9,0,36,0,2017,5520,522,457,1852
Brian Hoyer,2TM,QB,32,11,6,123,211,1287,4,4,9,4,0.44,1,0,0,0,0.0,0,3,1,1,0,0,64,63.9,71.9,67.9,0,37,0,2017,2948,510,444,1661
Blaine Gabbert,ARI,QB,28,5,5,95,171,1086,6,6,22,82,3.73,0,0,0,0,0.0,0,7,2,0,0,1,62,61.6,72.6,67.6,0,38,0,2017,4864,526,265,885
Tom Savage,HOU,QB,27,8,7,125,223,1412,5,6,4,2,0.5,0,0,0,0,0.0,0,8,7,0,0,0,51,50.7,66.7,56.7,0,39,0,2017,5484,507,443,1840
Drew Stanton,ARI,QB,33,5,4,79,159,894,6,5,9,7,0.78,0,0,0,0,0.0,0,3,0,0,0,0,50,50.5,58.5,55.5,0,40,0,2017,4864,526,265,885
Matt Moore,MIA,QB,33,4,2,78,127,861,4,5,3,9,3.0,0,0,0,0,0.0,0,0,0,0,0,0,41,41.3,49.3,46.3,0,41,0,2017,4715,557,222,923
Nick Foles,PHI,QB,28,7,3,57,101,537,5,2,11,3,0.27,0,0,0,0,0.0,0,6,2,0,0,0,34,33.8,40.8,35.8,0,43,0,2017,5674,541,403,1707
Mike Glennon,CHI,QB,28,4,4,93,140,833,4,5,4,4,1.0,0,0,0,0,0.0,0,5,3,0,0,0,34,33.7,44.7,38.7,0,45,0,2017,4835,410,422,1788
Kevin Hogan,CLE,QB,25,4,1,46,75,517,4,5,10,71,7.1,0,0,0,0,0.0,0,1,0,0,0,0,34,33.8,41.8,38.8,0,44,0,2017,5251,527,384,1714
T.J. Yates,HOU,QB,30,4,3,47,97,523,4,3,5,51,10.2,0,0,0,0,0.0,0,5,1,0,0,0,34,34.0,41.0,37.0,0,42,0,2017,5484,507,443,1840
Terrelle Pryor,WAS,QB,28,9,2,0,0,0,0,0,0,0,0.0,0,37,20,240,12.0,1,0,0,1,0,0,30,50.0,53.0,40.0,0,46,0,2017,5512,533,393,1419
Sam Bradford,MIN,QB,30,2,2,32,43,382,3,0,2,-3,-1.5,0,0,0,0,0.0,0,0,0,0,0,0,27,27.0,30.0,27.0,0,47,0,2017,5886,520,501,1957
Bryce Petty,NYJ,QB,26,4,3,55,112,544,1,3,7,55,7.86,0,0,0,0,0.0,0,1,0,0,0,0,25,25.3,31.3,28.3,0,48,0,2017,5168,484,424,1698
David Fales,MIA,QB,27,2,0,29,43,265,1,1,4,8,2.0,1,0,0,0,0.0,0,0,0,1,0,0,19,19.4,20.4,20.4,0,49,0,2017,4715,557,222,923
Paxton Lynch,DEN,QB,23,2,2,30,45,295,2,3,5,30,6.0,0,0,0,0,0.0,0,2,1,0,0,0,15,14.8,18.8,17.8,0,50,0,2017,5520,522,457,1852
EJ Manuel,OAK,QB,27,2,1,24,43,265,1,1,2,15,7.5,0,0,0,0,0.0,0,0,0,0,0,0,14,14.1,15.1,15.1,0,51,0,2017,5329,552,368,1568
Logan Thomas,BUF,QB,26,12,2,0,0,0,0,0,0,0,0.0,0,9,7,67,9.57,1,0,0,1,0,0,13,19.7,19.7,16.2,0,52,0,2017,5014,347,461,1928
Patrick Mahomes,KC,QB,22,1,1,22,35,284,0,1,7,10,1.43,0,0,0,0,0.0,0,0,0,0,0,0,10,10.4,11.4,11.4,0,54,0,2017,6229,515,405,1903
Nathan Peterman,BUF,QB,23,4,2,24,49,252,2,5,7,23,3.29,0,0,0,0,0.0,0,2,0,0,0,0,10,10.4,15.4,15.4,0,53,0,2017,5014,347,461,1928
Geno Smith,NYG,QB,27,2,1,21,36,212,1,0,4,12,3.0,0,0,0,0,0.0,0,2,2,0,0,0,10,9.7,11.7,9.7,0,55,0,2017,5228,593,392,1548
Landry Jones,PIT,QB,28,3,1,23,28,239,1,1,8,-10,-1.25,0,0,0,0,0.0,0,1,1,0,0,0,9,8.6,10.6,9.6,0,56,0,2017,6157,584,437,1667
Nate Sudfeld,PHI,QB,24,1,0,19,23,134,0,0,1,22,22.0,0,0,0,0,0.0,0,0,0,0,0,0,8,7.6,7.6,7.6,0,57,0,2017,5674,541,403,1707
Sean Mannion,LAR,QB,25,5,1,22,37,185,0,0,9,-2,-0.22,0,0,0,0,0.0,0,2,1,0,0,0,5,5.2,6.2,5.2,0,58,0,2017,5942,510,454,1953
Tanner Gentry,CHI,QB,23,4,3,0,0,0,0,0,0,0,0.0,0,6,3,35,11.67,0,0,0,0,0,0,4,6.5,6.5,5.0,0,59,0,2017,4835,410,422,1788
Cody Kessler,CLE,QB,24,3,0,11,23,126,0,1,1,-1,-1.0,0,0,0,0,0.0,0,0,0,0,0,0,3,2.9,3.9,3.9,0,60,0,2017,5251,527,384,1714
A.J. McCarron,CIN,QB,27,3,0,7,14,66,0,0,0,0,0.0,0,0,0,0,0.0,0,0,0,0,0,0,3,2.6,2.6,2.6,0,61,0,2017,4715,485,366,1329
Matt Cassel,TEN,QB,35,2,1,25,42,162,1,2,0,0,0.0,0,0,0,0,0.0,0,2,2,0,0,0,2,2.5,6.5,4.5,0,62,0,2017,5172,481,438,1778
Taylor Heinicke,HOU,QB,24,1,0,1,1,10,0,0,1,2,2.0,0,0,0,0,0.0,0,0,0,0,0,0,1,0.6,0.6,0.6,0,64,0,2017,5484,507,443,1840
Cooper Rush,DAL,QB,24,2,0,1,3,2,0,0,2,13,6.5,0,0,0,0,0.0,0,0,0,0,0,0,1,1.4,1.4,1.4,0,63,0,2017,5472,480,479,2146
Derek Anderson,CAR,QB,34,3,0,2,8,17,0,0,2,-2,-1.0,0,0,0,0,0.0,0,0,0,0,0,0,0,0.5,0.5,0.5,0,65,0,2017,5394,425,488,2075
Joe Callahan,GB,QB,24,1,0,5,7,11,0,0,0,0,0.0,0,0,0,0,0.0,0,0,0,0,0,0,0,0.4,0.4,0.4,0,66,0,2017,5249,516,385,1717
Chase Daniel,NO,QB,31,1,0,0,0,0,0,0,3,-2,-0.67,0,0,0,0,0.0,0,0,0,0,0,0,0,-0.2,-0.2,-0.2,0,70,0,2017,6319,525,416,1985
Austin Davis,SEA,QB,28,3,0,0,0,0,0,0,1,-1,-1.0,0,0,0,0,0.0,0,0,0,0,0,0,0,-0.1,-0.1,-0.1,0,69,0,2017,5612,526,409,1629
Kellen Clemens,LAC,QB,34,8,0,6,8,36,0,1,5,-5,-1.0,0,0,0,0,0.0,0,0,0,0,0,0,-1,-1.1,-0.1,-0.1,0,73,0,2017,6146,566,419,1595
Chad Henne,JAX,QB,32,2,0,0,2,0,0,0,5,-5,-1.0,0,0,0,0,0.0,0,0,0,0,0,0,-1,-0.5,-0.5,-0.5,0,71,0,2017,5949,513,527,2262
Jake Rudock,DET,QB,24,3,0,3,5,24,0,1,0,0,0.0,0,0,0,0,0.0,0,0,0,0,0,0,-1,-1.0,0.0,0.0,0,72,0,2017,5681,564,362,1211
Tyler Bray,KC,QB,26,1,0,0,1,0,0,0,1,0,0.0,0,0,0,0,0.0,0,1,1,0,0,0,-2,-2.0,-1.0,-2.0,0,74,0,2017,6229,515,405,1903
Teddy Bridgewater,MIN,QB,25,1,0,0,2,0,0,1,3,-3,-1.0,0,0,0,0,0.0,0,0,0,0,0,0,-2,-2.3,-1.3,-1.3,0,75,0,2017,5886,520,501,1957
Patrick Mahomes,KC,QB,23,16,16,383,580,5097,50,12,60,272,4.53,2,0,0,0,0.0,0,9,2,2,1,0,417,417.1,437.1,429.1,134,1,5,2018,6981,559,387,1855
Matt Ryan,ATL,QB,33,16,16,422,608,4924,35,7,33,125,3.79,3,1,1,5,5.0,1,10,5,4,0,2,354,355.0,373.0,361.5,71,2,21,2018,6522,604,351,1573
Ben Roethlisberger,PIT,QB,36,16,16,452,675,5129,34,16,31,98,3.16,3,1,1,-1,-1.0,0,7,2,3,0,4,341,341.9,362.9,357.4,58,3,27,2018,6617,675,345,1445
Deshaun Watson,HOU,QB,23,16,16,345,505,4165,26,9,99,551,5.57,5,0,0,0,0.0,0,9,3,5,0,0,332,331.7,349.7,340.7,49,4,31,2018,6179,426,471,2014
Andrew Luck,IND,QB,29,16,16,430,639,4593,39,15,46,148,3.22,0,2,1,4,4.0,0,6,1,0,0,2,327,327.9,349.9,342.4,44,5,38,2018,6313,594,408,1718
Aaron Rodgers,GB,QB,35,16,16,372,597,4442,25,2,43,269,6.26,2,0,0,0,0.0,0,6,3,2,1,2,313,312.6,323.6,314.6,30,6,43,2018,6163,586,305,1534
Jared Goff,LAR,QB,24,16,16,364,561,4688,32,12,43,108,2.51,2,0,0,0,0.0,0,12,5,2,0,3,310,310.3,333.3,322.3,28,7,45,2018,6640,534,415,1929
Drew Brees,NO,QB,39,15,15,364,489,3992,32,5,31,22,0.71,4,1,1,1,1.0,0,5,1,4,0,1,304,305.0,314.0,309.5,21,8,52,2018,6199,511,471,2025
Russell Wilson,SEA,QB,30,16,16,280,427,3448,35,7,67,376,5.61,0,1,1,-11,-11.0,0,10,2,0,0,1,298,299.4,314.4,305.9,16,9,58,2018,5999,398,533,2551
Dak Prescott,DAL,QB,25,16,16,356,526,3885,22,8,75,305,4.07,6,1,0,0,0.0,0,12,6,6,1,1,286,285.9,305.9,293.9,3,10,69,2018,5806,418,429,1921
Philip Rivers,LAC,QB,37,16,16,347,508,4308,32,12,18,7,0.39,0,0,0,0,0.0,0,2,1,0,0,5,285,285.0,301.0,297.0,2,11,70,2018,6189,506,397,1873
Cam Newton,CAR,QB,29,14,14,320,471,3395,24,13,101,488,4.83,4,0,0,0,0.0,0,6,0,4,0,2,283,282.6,301.6,295.6,0,12,75,2018,6103,540,392,2032
Kirk Cousins,MIN,QB,30,16,16,425,606,4298,30,10,44,123,2.8,1,1,1,-1,-1.0,0,9,7,1,0,3,282,283.1,306.1,292.6,0,13,0,2018,5791,554,357,1493
Tom Brady,NE,QB,41,16,16,375,570,4355,29,11,23,35,1.52,2,1,1,6,6.0,0,4,2,2,0,0,280,281.3,297.3,291.8,0,14,0,2018,6371,488,459,1966
Mitchell Trubisky,CHI,QB,24,14,14,289,434,3223,24,12,68,421,6.19,3,0,0,0,0.0,0,6,3,3,0,4,263,263.0,284.0,275.0,0,15,0,2018,5684,501,467,1937
Eli Manning,NYG,QB,37,16,16,380,576,4299,21,11,15,20,1.33,1,0,0,0,0.0,0,7,4,1,0,3,240,240.0,258.0,251.0,0,17,0,2018,6041,573,353,1636
Baker Mayfield,CLE,QB,23,14,13,310,486,3725,27,14,39,131,3.36,0,1,0,0,0.0,0,7,3,0,1,1,240,240.1,263.1,254.1,0,16,0,2018,5772,545,297,1511
Derek Carr,OAK,QB,27,16,16,381,553,4049,19,10,24,47,1.96,1,1,1,-9,-9.0,0,12,7,1,0,1,216,216.8,236.8,226.3,0,18,0,2018,5634,492,384,1577
Case Keenum,DEN,QB,30,16,16,365,586,3890,18,15,26,93,3.58,2,0,0,0,0.0,0,11,2,2,0,0,215,214.9,234.9,229.9,0,19,0,2018,5825,506,393,1907
Matthew Stafford,DET,QB,30,16,16,367,555,3777,21,11,25,71,2.84,0,0,0,0,0.0,0,6,4,0,0,0,212,212.2,230.2,223.2,0,20,0,2018,5444,458,398,1608
Josh Allen,BUF,QB,22,12,11,169,320,2074,10,12,89,631,7.09,8,1,0,0,0.0,0,8,2,8,0,1,208,208.1,228.1,220.1,0,21,0,2018,5001,344,456,1919
Jameis Winston,TB,QB,24,11,9,244,378,2992,19,14,49,281,5.73,1,0,0,0,0.0,0,7,3,1,0,0,196,195.8,218.8,209.8,0,22,0,2018,6881,619,389,1523
Carson Wentz,PHI,QB,26,11,11,279,401,3074,21,7,34,93,2.74,0,1,1,4,4.0,0,9,6,0,0,1,193,193.7,209.7,200.2,0,23,0,2018,6102,546,397,1578
Andy Dalton,CIN,QB,31,11,11,226,365,2566,21,11,16,99,6.19,0,0,0,0,0.0,0,1,0,0,0,0,175,174.5,188.5,185.5,0,25,0,2018,5245,525,357,1676
Marcus Mariota,TEN,QB,25,14,13,228,331,2528,11,8,64,357,5.58,2,1,1,21,21.0,0,9,2,2,0,0,175,175.9,191.9,183.4,0,24,0,2018,5212,416,454,2023
Blake Bortles,JAX,QB,26,13,12,243,403,2718,13,11,58,365,6.29,1,0,0,0,0.0,0,8,4,1,0,0,173,173.2,194.2,184.2,0,26,0,2018,4961,517,358,1534
Sam Darnold,NYJ,QB,21,13,13,239,414,2865,17,15,44,138,3.14,1,0,0,0,0.0,0,5,2,1,0,0,168,168.4,191.4,183.4,0,27,0,2018,5022,477,409,1618
Ryan Fitzpatrick,TB,QB,36,8,7,164,246,2366,17,12,36,152,4.22,2,0,0,0,0.0,0,4,1,2,0,1,166,165.8,184.8,177.8,0,28,0,2018,6881,619,389,1523
Lamar Jackson,BAL,QB,21,16,7,99,170,1201,6,3,147,695,4.73,5,2,0,0,0.0,0,12,4,5,0,0,158,157.5,170.5,160.5,0,29,0,2018,6045,522,532,2358
Ryan Tannehill,MIA,QB,30,11,11,176,274,1979,17,9,32,145,4.53,0,1,1,3,3.0,1,5,4,1,0,0,142,143.0,162.0,151.5,0,30,0,2018,5047,426,371,1738
Alex Smith,WAS,QB,34,10,10,205,328,2180,10,5,41,168,4.1,1,0,0,0,0.0,0,6,1,1,0,0,138,138.0,150.0,143.0,0,31,0,2018,4953,471,394,1673
Joe Flacco,BAL,QB,33,9,9,232,379,2465,12,6,19,45,2.37,0,0,0,0,0.0,0,3,1,0,0,0,137,137.1,147.1,143.1,0,32,0,2018,6045,522,532,2358
Nick Mullens,SF,QB,23,8,8,176,274,2277,13,10,18,-16,-0.89,0,0,0,0,0.0,0,2,0,0,0,1,123,123.5,136.5,133.5,0,33,0,2018,6149,509,423,1902
Josh Rosen,ARI,QB,21,14,13,217,393,2278,11,14,23,138,6.0,0,0,0,0,0.0,0,10,5,0,0,1,113,112.9,137.9,126.9,0,34,0,2018,4226,472,355,1342
Jeff Driskel,CIN,QB,25,9,5,105,176,1003,6,2,25,130,5.2,2,0,0,0,0.0,0,4,1,2,0,1,85,85.1,94.1,87.1,0,35,0,2018,5245,525,357,1676
C.J. Beathard,SF,QB,25,6,5,102,169,1252,8,7,19,69,3.63,1,0,0,0,0.0,0,5,3,1,0,0,75,75.0,88.0,82.0,0,37,0,2018,6149,509,423,1902
Nick Foles,PHI,QB,29,5,5,141,195,1413,7,4,9,17,1.89,0,1,1,10,10.0,0,4,2,0,0,0,75,76.2,85.2,79.7,0,36,0,2018,6102,546,397,1578
Brock Osweiler,MIA,QB,28,7,5,113,178,1247,6,4,8,21,2.63,0,0,0,0,0.0,0,1,1,0,0,1,68,68.0,76.0,72.0,0,38,0,2018,5047,426,371,1738
Josh Johnson,WAS,QB,32,4,3,52,91,590,3,4,23,120,5.22,1,0,0,0,0.0,0,2,0,1,0,2,50,49.6,59.6,53.6,0,39,0,2018,4953,471,394,1673
Jimmy Garoppolo,SF,QB,27,3,3,53,89,718,5,3,8,33,4.13,0,0,0,0,0.0,0,4,0,0,0,1,48,48.0,54.0,51.0,0,40,0,2018,6149,509,423,1902
Tyrod Taylor,CLE,QB,29,4,3,42,85,473,2,2,16,125,7.81,1,0,0,0,0.0,0,3,0,1,0,0,41,41.4,49.4,43.4,0,41,0,2018,5772,545,297,1511
Cody Kessler,JAX,QB,25,5,4,85,131,709,2,2,19,123,6.47,0,0,0,0,0.0,0,5,3,0,0,0,39,38.7,49.7,40.7,0,42,0,2018,4961,517,358,1534
Terrelle Pryor,2TM,QB,29,8,1,0,0,0,0,0,1,-1,-1.0,0,30,16,252,15.75,2,0,0,2,0,0,37,53.1,56.1,45.1,0,43,0,2018,1481,731,347,1481
Blaine Gabbert,TEN,QB,29,8,3,61,101,626,4,4,6,0,0.0,0,0,0,0,0.0,0,0,0,0,0,0,33,33.0,40.0,37.0,0,44,0,2018,5212,416,454,2023
Taysom Hill,NO,QB,28,16,4,3,7,64,0,1,37,196,5.3,2,7,3,4,1.33,0,1,1,2,0,0,31,33.6,38.6,33.1,0,45,0,2018,6199,511,471,2025
Chase Daniel,CHI,QB,32,5,2,53,76,515,3,2,13,3,0.23,0,1,1,8,8.0,0,4,0,0,0,0,30,30.7,35.7,32.2,0,46,0,2018,5684,501,467,1937
Kyle Allen,CAR,QB,22,2,1,20,31,266,2,0,5,19,3.8,1,0,0,0,0.0,0,0,0,1,0,0,27,26.5,26.5,26.5,0,48,0,2018,6103,540,392,2032
Colt McCoy,WAS,QB,32,3,2,34,54,372,3,3,10,63,6.3,0,0,0,0,0.0,0,1,0,0,0,0,27,27.2,33.2,30.2,0,47,0,2018,4953,471,394,1673
Josh McCown,NYJ,QB,39,4,3,60,110,539,1,4,5,32,6.4,0,0,0,0,0.0,0,0,0,0,0,0,21,20.8,27.8,24.8,0,49,0,2018,5022,477,409,1618
Matt Barkley,BUF,QB,28,1,1,15,25,232,2,0,3,-2,-0.67,0,0,0,0,0.0,0,0,0,0,0,0,17,17.1,17.1,17.1,0,50,0,2018,5001,344,456,1919
Taylor Heinicke,CAR,QB,25,6,1,35,57,320,1,3,5,31,6.2,0,0,0,0,0.0,0,1,0,0,0,0,14,13.9,19.9,16.9,0,51,0,2018,6103,540,392,2032
Sam Bradford,ARI,QB,31,3,3,50,80,400,2,4,2,7,3.5,0,0,0,0,0.0,0,3,2,0,0,0,13,12.7,21.7,16.7,0,53,0,2018,4226,472,355,1342
Nathan Peterman,BUF,QB,24,4,2,44,81,296,1,7,10,50,5.0,1,0,0,0,0.0,0,0,0,1,0,0,13,12.8,19.8,19.8,0,52,0,2018,5001,344,456,1919
Mike Glennon,ARI,QB,29,2,0,15,21,174,1,0,0,0,0.0,0,0,0,0,0.0,0,0,0,0,0,0,11,11.0,11.0,11.0,0,54,0,2018,4226,472,355,1342
Logan Thomas,BUF,QB,27,12,3,1,1,15,0,0,0,0,0.0,0,17,12,77,6.42,0,0,0,0,0,0,8,20.3,20.3,14.3,0,55,0,2018,5001,344,456,1919
Derek Anderson,BUF,QB,35,2,2,42,70,465,0,4,1,-1,-1.0,0,0,0,0,0.0,0,3,2,0,0,0,7,6.5,15.5,10.5,0,57,0,2018,5001,344,456,1919
Teddy Bridgewater,NO,QB,26,5,1,14,23,118,1,1,11,5,0.45,0,0,0,0,0.0,0,0,0,0,0,0,7,7.2,8.2,8.2,0,56,0,2018,6199,511,471,2025
DeShone Kizer,GB,QB,22,3,0,20,42,187,0,2,5,39,7.8,0,0,0,0,0.0,0,1,1,0,0,0,5,5.4,8.4,7.4,0,58,0,2018,6163,586,305,1534
Nate Sudfeld,PHI,QB,25,2,0,1,2,22,1,0,2,-2,-1.0,0,0,0,0,0.0,0,0,0,0,0,0,5,4.7,4.7,4.7,0,59,0,2018,6102,546,397,1578
Matt Cassel,DET,QB,36,2,0,7,17,59,0,1,2,13,6.5,0,0,0,0,0.0,0,0,0,0,0,0,2,1.7,2.7,2.7,0,60,0,2018,5444,458,398,1608
Garrett Gilbert,CAR,QB,27,1,0,2,3,40,0,0,0,0,0.0,0,0,0,0,0.0,0,0,0,0,0,0,2,1.6,1.6,1.6,0,61,0,2018,6103,540,392,2032
Joshua Dobbs,PIT,QB,23,5,0,6,12,43,0,1,4,11,2.75,0,0,0,0,0.0,0,0,0,0,0,0,1,0.8,1.8,1.8,0,64,0,2018,6617,675,345,1445
Robert Griffin III,BAL,QB,28,3,0,2,6,21,0,0,0,0,0.0,0,0,0,0,0.0,0,0,0,0,0,0,1,0.8,0.8,0.8,0,63,0,2018,6045,522,532,2358
Chad Henne,KC,QB,33,1,0,2,3,29,0,0,1,3,3.0,0,0,0,0,0.0,0,0,0,0,0,0,1,1.5,1.5,1.5,0,62,0,2018,6981,559,387,1855
Chad Kelly,DEN,QB,24,1,0,0,0,0,0,0,1,-1,-1.0,0,0,0,0,0.0,0,0,0,0,0,0,0,-0.1,-0.1,-0.1,0,70,0,2018,5825,506,393,1907
Sean Mannion,LAR,QB,26,3,0,2,3,23,0,0,7,-9,-1.29,0,0,0,0,0.0,0,0,0,0,0,0,0,0.0,0.0,0.0,0,68,0,2018,6640,534,415,1929
A.J. McCarron,OAK,QB,28,2,0,1,3,8,0,0,3,-2,-0.67,0,0,0,0,0.0,0,1,0,0,0,0,0,0.1,0.1,0.1,0,66,0,2018,5634,492,384,1577
Mark Sanchez,WAS,QB,32,2,1,19,35,138,0,3,1,8,8.0,0,0,0,0,0.0,0,1,0,0,0,0,0,0.3,3.3,3.3,0,65,0,2018,4953,471,394,1673
Matt Schaub,ATL,QB,37,3,0,5,7,20,0,0,1,0,0.0,0,1,1,-7,-7.0,0,1,0,0,0,0,0,1.1,1.1,0.6,0,67,0,2018,6522,604,351,1573
Brandon Weeden,HOU,QB,35,1,0,0,0,0,0,0,1,-1,-1.0,0,0,0,0,0.0,0,0,0,0,0,0,0,-0.1,-0.1,-0.1,0,71,0,2018,6179,426,471,2014
Jacoby Brissett,IND,QB,26,4,0,2,4,2,0,0,7,-7,-1.0,0,0,0,0,0.0,0,0,0,0,0,0,-1,-0.6,-0.6,-0.6,0,73,0,2018,6313,594,408,1718
Brian Hoyer,NE,QB,33,5,0,1,2,7,0,0,11,-8,-0.73,0,0,0,0,0.0,0,0,0,0,0,0,-1,-0.5,-0.5,-0.5,0,72,0,2018,6371,488,459,1966
Geno Smith,LAC,QB,28,5,0,1,4,8,0,0,8,2,0.25,0,0,0,0,0.0,0,1,1,0,0,0,-1,-1.5,-0.5,-1.5,0,74,0,2018,6189,506,397,1873
Kyle Lauletta,NYG,QB,23,2,0,0,5,0,0,1,1,-2,-2.0,0,0,0,0,0.0,0,0,0,0,0,0,-2,-2.2,-1.2,-1.2,0,75,0,2018,6041,573,353,1636
Lamar Jackson,BAL,QB,22,15,15,265,401,3127,36,6,176,1206,6.85,7,0,0,0,0.0,0,9,2,7,0,0,416,415.7,429.7,421.7,152,1,2,2019,6585,424,593,3233
Dak Prescott,DAL,QB,26,16,16,388,596,4902,30,11,52,277,5.33,3,0,0,0,0.0,0,6,2,3,0,1,338,337.8,356.8,348.8,74,2,12,2019,7055,576,449,2153
Russell Wilson,SEA,QB,31,16,16,341,516,4110,31,5,75,342,4.56,3,0,0,0,0.0,0,8,2,3,0,1,329,328.6,341.6,333.6,65,3,14,2019,6310,477,481,2200
Deshaun Watson,HOU,QB,24,15,15,333,495,3852,26,12,82,413,5.04,7,1,1,6,6.0,1,10,3,8,0,1,320,321.0,342.0,332.5,56,4,17,2019,6097,518,433,2014
Jameis Winston,TB,QB,25,16,16,380,626,5109,33,30,59,250,4.24,1,0,0,0,0.0,0,12,5,1,2,2,305,305.4,346.4,335.4,42,5,30,2019,6637,606,408,1510
Josh Allen,BUF,QB,23,16,16,271,461,3089,20,9,109,510,4.68,9,0,0,0,0.0,0,14,4,9,1,2,289,288.6,307.6,297.6,25,6,44,2019,5530,466,465,2054
Patrick Mahomes,KC,QB,24,14,14,319,484,4031,26,5,43,218,5.07,2,0,0,0,0.0,0,3,2,2,0,1,287,287.0,300.0,292.0,23,7,48,2019,6255,556,374,1565
Kyler Murray,ARI,QB,22,16,16,349,542,3722,20,12,93,544,5.85,4,0,0,0,0.0,0,5,2,4,0,3,285,285.3,305.3,297.3,22,8,50,2019,5119,450,270,1348
Aaron Rodgers,GB,QB,36,16,16,353,569,4002,26,4,46,183,3.98,1,0,0,0,0.0,0,4,4,1,1,2,278,278.4,292.4,282.4,15,9,56,2019,5788,533,404,1771
Carson Wentz,PHI,QB,27,16,16,388,607,4039,27,7,62,243,3.92,1,0,0,0,0.0,0,16,7,1,0,2,276,275.9,295.9,282.9,12,10,60,2019,6002,567,454,1939
Matt Ryan,ATL,QB,34,15,15,408,616,4466,26,14,34,147,4.32,1,0,0,0,0.0,0,9,5,1,0,1,267,267.3,292.3,281.3,4,11,69,2019,6407,611,360,1358
Tom Brady,NE,QB,42,16,16,373,613,4057,24,8,26,34,1.31,3,0,0,0,0.0,0,4,1,3,0,1,264,263.7,275.7,271.7,0,12,0,2019,5847,502,445,1694
Jared Goff,LAR,QB,25,16,16,394,626,4638,22,16,33,40,1.21,2,0,0,0,0.0,0,10,5,2,0,0,248,247.5,271.5,263.5,0,13,0,2019,6134,610,400,1493
Jimmy Garoppolo,SF,QB,28,16,16,329,476,3978,27,13,46,62,1.35,1,0,0,0,0.0,0,10,5,1,0,2,247,247.3,268.3,260.3,0,14,0,2019,6299,414,498,2305
Derek Carr,OAK,QB,28,16,16,361,513,4054,21,8,27,82,3.04,2,0,0,0,0.0,0,7,3,2,0,0,244,244.4,258.4,252.4,0,16,0,2019,5923,454,431,1813
Kirk Cousins,MIN,QB,31,15,15,307,444,3603,26,6,31,63,2.03,1,1,0,0,0.0,0,10,3,1,0,1,244,244.4,256.4,250.4,0,15,0,2019,5862,441,476,2133
Ryan Fitzpatrick,MIA,QB,37,15,13,311,502,3529,20,13,54,243,4.5,4,0,0,0,0.0,0,9,2,4,0,1,241,241.5,262.5,254.5,0,17,0,2019,5080,563,296,964
Philip Rivers,LAC,QB,38,16,16,390,591,4615,23,20,12,29,2.42,0,0,0,0,0.0,0,8,3,0,0,1,236,235.5,261.5,255.5,0,18,0,2019,6101,563,366,1453
Baker Mayfield,CLE,QB,24,16,16,317,534,3827,22,21,28,141,5.04,3,0,0,0,0.0,0,6,2,3,0,1,229,229.2,258.2,250.2,0,20,0,2019,5748,516,393,1901
Gardner Minshew II,JAX,QB,23,14,12,285,470,3271,21,6,67,344,5.13,0,0,0,0,0.0,0,12,7,0,0,3,229,229.2,248.2,235.2,0,19,0,2019,5715,549,389,1708
Drew Brees,NO,QB,40,11,11,281,378,2979,27,4,9,-4,-0.44,1,0,0,0,0.0,0,0,0,1,0,0,225,224.8,231.8,228.8,0,21,0,2019,6168,553,404,1737
Ryan Tannehill,TEN,QB,31,12,10,201,286,2742,22,6,43,185,4.3,4,0,0,0,0.0,0,5,3,4,1,0,224,224.2,239.2,230.2,0,22,0,2019,6168,424,444,2223
Jacoby Brissett,IND,QB,27,15,15,272,447,2942,18,6,56,228,4.07,4,1,1,2,2.0,0,7,5,4,0,1,217,217.7,234.7,223.2,0,23,0,2019,5444,466,470,2130
Daniel Jones,NYG,QB,22,13,12,284,459,3027,24,12,45,279,6.2,2,0,0,0,0.0,0,19,11,2,0,2,215,215.0,244.0,227.0,0,24,0,2019,5755,588,362,1685
Andy Dalton,CIN,QB,32,13,13,314,528,3494,16,14,32,73,2.28,4,1,1,-4,-4.0,0,8,4,4,1,1,203,203.7,224.7,217.2,0,26,0,2019,5511,589,385,1517
Mitchell Trubisky,CHI,QB,25,15,15,326,516,3138,17,10,48,193,4.02,2,0,0,0,0.0,0,5,2,2,0,1,203,202.8,220.8,212.8,0,25,0,2019,5006,550,384,1433
Sam Darnold,NYJ,QB,22,13,13,273,441,3024,19,13,33,62,1.88,2,0,0,0,0.0,0,11,3,2,0,3,189,189.2,208.2,202.2,0,27,0,2019,4700,492,383,1257
Kyle Allen,CAR,QB,23,13,12,303,489,3322,17,16,32,106,3.31,2,0,0,0,0.0,0,13,7,2,0,0,177,177.5,206.5,193.5,0,28,0,2019,5934,600,383,1812
Matthew Stafford,DET,QB,31,8,8,187,291,2499,19,5,20,66,3.3,0,0,0,0,0.0,0,5,3,0,0,0,167,166.6,177.6,171.6,0,29,0,2019,5802,550,395,1615
Mason Rudolph,PIT,QB,24,10,8,176,283,1765,13,9,21,42,2.0,0,0,0,0,0.0,0,4,0,0,0,0,109,108.8,120.8,117.8,0,30,0,2019,4669,447,393,1455
Case Keenum,WAS,QB,31,10,8,160,247,1707,11,5,9,12,1.33,1,0,0,0,0.0,0,6,3,1,0,0,103,103.5,114.5,108.5,0,31,0,2019,4788,462,356,1583
Teddy Bridgewater,NO,QB,27,9,5,133,196,1384,9,2,28,31,1.11,0,0,0,0,0.0,0,1,0,0,0,0,90,90.5,95.5,92.5,0,32,0,2019,6168,553,404,1737
Joe Flacco,DEN,QB,34,8,8,171,262,1822,6,5,12,20,1.67,0,0,0,0,0.0,0,8,3,0,0,1,85,84.9,95.9,89.9,0,34,0,2019,5063,437,409,1662
Marcus Mariota,TEN,QB,26,7,6,95,160,1203,7,2,24,129,5.38,0,0,0,0,0.0,0,3,0,0,0,0,85,85.0,93.0,87.0,0,33,0,2019,6168,424,444,2223
Taysom Hill,NO,QB,29,16,5,3,6,55,0,0,27,156,5.78,1,22,19,234,12.32,6,0,0,7,0,0,83,102.2,108.2,92.7,0,35,0,2019,6168,553,404,1737
Dwayne Haskins,WAS,QB,22,9,7,119,203,1365,7,7,20,101,5.05,0,0,0,0,0.0,0,6,2,0,0,1,77,76.7,91.7,83.7,0,36,0,2019,4788,462,356,1583
Drew Lock,DEN,QB,23,5,5,100,156,1020,7,3,18,72,4.0,0,0,0,0,0.0,0,3,1,0,0,0,68,68.0,75.0,71.0,0,37,0,2019,5063,437,409,1662
Jeff Driskel,DET,QB,26,3,3,62,105,685,4,4,22,151,6.86,1,1,1,6,6.0,0,1,0,1,0,0,57,58.1,68.1,61.6,0,38,0,2019,5802,550,395,1615
David Blough,DET,QB,24,5,5,94,174,984,4,6,8,31,3.88,0,1,1,19,19.0,1,1,0,1,0,0,54,55.4,64.4,60.9,0,40,0,2019,5802,550,395,1615
Eli Manning,NYG,QB,38,4,4,91,147,1042,6,5,4,7,1.75,0,0,0,0,0.0,0,3,1,0,0,0,54,54.4,63.4,59.4,0,39,0,2019,5755,588,362,1685
Devlin Hodges,PIT,QB,23,8,6,100,160,1063,5,8,21,68,3.24,0,0,0,0,0.0,0,5,1,0,0,0,51,51.3,63.3,59.3,0,41,0,2019,4669,447,393,1455
Matt Moore,KC,QB,35,6,2,59,91,659,4,0,5,-1,-0.2,0,0,0,0,0.0,0,2,0,0,0,0,42,42.3,45.3,42.3,0,42,0,2019,6255,556,374,1565
Nick Foles,JAX,QB,30,4,4,77,117,736,3,2,4,23,5.75,0,0,0,0,0.0,0,2,2,0,0,1,38,37.7,44.7,39.7,0,43,0,2019,5715,549,389,1708
Brandon Allen,DEN,QB,27,3,3,39,84,515,3,2,10,39,3.9,0,0,0,0,0.0,0,0,0,0,0,0,33,32.5,37.5,34.5,0,45,0,2019,5063,437,409,1662
Matt Schaub,ATL,QB,38,6,1,50,67,580,3,1,3,-3,-1.0,0,0,0,0,0.0,0,1,1,0,0,1,33,32.9,37.9,33.9,0,44,0,2019,6407,611,360,1358
Chase Daniel,CHI,QB,33,3,1,45,64,435,3,2,6,6,1.0,0,0,0,0,0.0,0,0,0,0,0,0,26,26.0,31.0,28.0,0,46,0,2019,5006,550,384,1433
Ryan Finley,CIN,QB,25,3,3,41,87,474,2,2,10,77,7.7,0,0,0,0,0.0,0,4,3,0,0,0,25,24.7,32.7,26.7,0,47,0,2019,5511,589,385,1517
Brian Hoyer,IND,QB,34,4,1,35,65,372,4,4,8,2,0.25,0,0,0,0,0.0,0,2,1,0,0,0,21,21.1,29.1,25.1,0,48,0,2019,5444,466,470,2130
Josh Rosen,MIA,QB,22,6,3,58,109,567,1,5,3,13,4.33,0,0,0,0,0.0,0,1,0,0,0,0,18,18.0,26.0,23.0,0,49,0,2019,5080,563,296,964
A.J. McCarron,HOU,QB,29,2,1,21,37,225,0,1,5,39,7.8,1,0,0,0,0.0,0,0,0,1,0,0,17,16.9,17.9,17.9,0,50,0,2019,6097,518,433,2014
Cam Newton,CAR,QB,30,2,2,50,89,572,0,1,5,-2,-0.4,0,0,0,0,0.0,0,2,2,0,0,0,17,16.7,22.7,17.7,0,51,0,2019,5934,600,383,1812
Robert Griffin III,BAL,QB,29,7,1,23,38,225,1,2,20,70,3.5,0,0,0,0,0.0,0,0,0,0,0,0,16,16.0,18.0,18.0,0,52,0,2019,6585,424,593,3233
Ben Roethlisberger,PIT,QB,37,2,2,35,62,351,0,1,1,7,7.0,0,0,0,0,0.0,0,1,0,0,0,0,13,12.7,16.7,13.7,0,53,0,2019,4669,447,393,1455
Luke Falk,NYJ,QB,25,3,2,47,73,416,0,3,0,0,0.0,0,0,0,0,0.0,0,2,1,0,0,0,9,8.6,15.6,11.6,0,54,0,2019,4700,492,383,1257
Matt Barkley,BUF,QB,29,2,0,27,51,359,0,3,2,-4,-2.0,0,0,0,0,0.0,0,3,1,0,0,0,6,6.0,13.0,9.0,0,57,0,2019,5530,466,465,2054
Brett Hundley,ARI,QB,26,3,0,5,11,49,0,0,7,41,5.86,0,0,0,0,0.0,0,0,0,0,0,0,6,6.1,6.1,6.1,0,55,0,2019,5119,450,270,1348
Tyrod Taylor,LAC,QB,30,8,0,4,6,33,1,0,10,7,0.7,0,1,0,0,0.0,0,0,0,0,0,0,6,6.0,6.0,6.0,0,56,0,2019,6101,563,366,1453
Mike Glennon,OAK,QB,30,2,0,6,10,56,1,0,2,0,0.0,0,0,0,0,0.0,0,3,1,0,0,0,4,4.2,5.2,4.2,0,59,0,2019,5923,454,431,1813
Colt McCoy,WAS,QB,33,1,1,18,27,122,0,1,2,14,7.0,0,0,0,0,0.0,0,2,0,0,0,0,4,4.3,5.3,5.3,0,58,0,2019,4788,462,356,1583
Will Grier,CAR,QB,24,2,2,28,52,228,0,4,7,22,3.14,0,0,0,0,0.0,0,1,1,0,0,0,1,1.3,6.3,5.3,0,60,0,2019,5934,600,383,1812
Ryan Griffin,TB,QB,30,2,0,2,4,18,0,0,4,-1,-0.25,0,0,0,0,0.0,0,0,0,0,0,0,1,0.6,0.6,0.6,0,62,0,2019,6637,606,408,1510
Josh McCown,PHI,QB,40,3,0,3,5,24,0,0,2,-2,-1.0,0,0,0,0,0.0,0,0,0,0,0,0,1,0.8,0.8,0.8,0,61,0,2019,6002,567,454,1939
Tim Boyle,GB,QB,25,3,0,3,4,15,0,0,5,-7,-1.4,0,0,0,0,0.0,0,0,0,0,0,0,0,-0.1,-0.1,-0.1,0,68,0,2019,5788,533,404,1771
Garrett Gilbert,CLE,QB,28,5,0,0,3,0,0,0,3,-3,-1.0,0,0,0,0,0.0,0,0,0,0,0,0,0,-0.3,-0.3,-0.3,0,69,0,2019,5748,516,393,1901
Trace McSorley,BAL,QB,24,1,0,0,0,0,0,0,1,1,1.0,0,0,0,0,0.0,0,0,0,0,0,0,0,0.1,0.1,0.1,0,64,0,2019,6585,424,593,3233
Nick Mullens,SF,QB,24,1,0,0,0,0,0,0,3,-3,-1.0,0,0,0,0,0.0,0,0,0,0,0,0,0,-0.3,-0.3,-0.3,0,70,0,2019,6299,414,498,2305
Trevor Siemian,NYJ,QB,28,1,1,3,6,3,0,0,0,0,0.0,0,0,0,0,0.0,0,0,0,0,0,0,0,0.1,0.1,0.1,0,63,0,2019,4700,492,383,1257
Alex Tanney,NYG,QB,32,1,0,1,1,1,0,0,0,0,0.0,0,0,0,0,0.0,0,0,0,0,0,0,0,0.0,0.0,0.0,0,65,0,2019,5755,588,362,1685
Blake Bortles,LAR,QB,27,3,0,1,2,3,0,0,2,-9,-4.5,0,0,0,0,0.0,0,0,0,0,0,0,-1,-0.8,-0.8,-0.8,0,71,0,2019,6134,610,400,1493
Sean Mannion,MIN,QB,27,3,1,12,21,126,0,2,6,-5,-0.83,0,0,0,0,0.0,0,1,1,0,0,0,-1,-1.5,1.5,0.5,0,72,0,2019,5862,441,476,2133
Jarrett Stidham,NE,QB,23,3,0,2,4,14,0,1,2,-2,-1.0,0,0,0,0,0.0,0,0,0,0,0,0,-2,-1.6,-0.6,-0.6,0,73,0,2019,5847,502,445,1694
Josh Allen,BUF,QB,24,16,16,396,572,4544,37,10,102,421,4.13,8,1,1,12,12.0,1,9,6,9,0,0,395,396.1,418.1,405.6,113,1,7,2020,6496,571,411,1723
Aaron Rodgers,GB,QB,37,16,16,372,526,4299,48,5,38,149,3.92,3,1,1,-6,-6.0,0,4,2,3,0,0,382,383.3,396.3,387.8,100,2,8,2020,6417,501,443,2118
Kyler Murray,ARI,QB,23,16,16,375,558,3971,26,12,133,819,6.16,11,0,0,0,0.0,0,9,4,11,0,0,379,378.7,400.7,390.7,96,3,9,2020,6313,543,479,2237
Patrick Mahomes,KC,QB,25,15,15,390,588,4740,38,6,62,308,4.97,2,2,0,0,0.0,0,5,2,2,0,3,374,374.4,388.4,380.4,92,4,10,2020,6532,591,337,1540
Deshaun Watson,HOU,QB,25,16,16,382,544,4823,33,7,90,444,4.93,3,0,0,0,0.0,0,8,3,3,0,1,369,369.3,385.3,376.3,87,5,11,2020,6309,523,344,1466
Russell Wilson,SEA,QB,32,16,16,384,558,4212,40,13,83,513,6.18,2,0,0,0,0.0,0,7,4,2,0,1,360,359.8,382.8,372.8,77,6,16,2020,6216,537,411,1971
Ryan Tannehill,TEN,QB,32,16,16,315,481,3819,33,7,43,266,6.19,7,1,1,0,0.0,0,6,1,7,2,1,343,344.4,358.4,350.9,61,7,23,2020,6512,467,520,2686
Tom Brady,TB,QB,43,16,16,401,610,4633,40,12,30,6,0.2,3,0,0,0,0.0,0,4,1,3,0,0,338,337.9,353.9,349.9,55,8,25,2020,6295,606,369,1519
Justin Herbert,LAC,QB,22,15,15,396,595,4336,31,10,55,234,4.25,5,0,0,0,0.0,0,8,1,5,0,2,333,332.8,349.8,342.8,50,9,29,2020,6070,584,377,1522
Lamar Jackson,BAL,QB,23,15,15,242,376,2757,26,9,159,1005,6.32,7,0,0,0,0.0,0,10,4,7,0,1,333,332.8,351.8,341.8,50,10,30,2020,5975,388,554,3071
Kirk Cousins,MIN,QB,32,16,16,349,516,4265,35,13,32,156,4.88,1,0,0,0,0.0,0,9,5,1,0,5,306,306.2,330.2,319.2,24,11,45,2020,6548,485,468,2283
Matt Ryan,ATL,QB,35,16,16,407,626,4581,26,11,29,92,3.17,2,0,0,0,0.0,0,6,3,2,0,1,282,282.4,299.4,293.4,0,12,75,2020,6150,605,408,1530
Derek Carr,LV,QB,29,16,16,348,517,4103,27,9,39,140,3.59,3,0,0,0,0.0,0,11,8,3,0,1,272,272.1,295.1,281.1,0,13,0,2020,6298,523,455,1915
Ben Roethlisberger,PIT,QB,38,15,15,399,608,3803,33,10,25,11,0.44,0,0,0,0,0.0,0,5,1,0,0,2,267,267.2,281.2,277.2,0,14,0,2020,5480,651,373,1351
Matthew Stafford,DET,QB,32,16,16,339,528,4084,26,10,29,112,3.86,0,1,0,0,0.0,0,2,1,0,0,2,261,260.6,277.6,270.6,0,15,0,2020,5889,505,363,1492
Cam Newton,NE,QB,31,15,15,242,368,2657,8,10,137,592,4.32,12,2,2,35,17.5,1,6,1,13,0,1,259,261.0,278.0,270.0,0,16,0,2020,5470,419,502,2346
Baker Mayfield,CLE,QB,25,16,16,305,486,3563,26,8,54,165,3.06,1,1,1,6,6.0,0,8,4,1,0,1,248,248.6,266.6,256.1,0,17,0,2020,6029,463,485,2328
Teddy Bridgewater,CAR,QB,28,15,15,340,492,3733,15,11,53,279,5.26,5,0,0,0,0.0,0,6,3,5,0,1,241,241.2,261.2,252.2,0,18,0,2020,5774,527,403,1673
Jared Goff,LAR,QB,26,15,15,370,552,3952,20,13,51,99,1.94,4,0,0,0,0.0,0,7,4,4,0,1,240,240.0,260.0,253.0,0,19,0,2020,6201,562,473,2018
Philip Rivers,IND,QB,39,16,16,369,543,4169,24,11,18,-8,-0.44,0,0,0,0,0.0,0,2,1,0,0,1,240,240.0,255.0,251.0,0,20,0,2020,6182,535,459,1996
Drew Brees,NO,QB,41,12,12,275,390,2942,24,6,18,-2,-0.11,2,0,0,0,0.0,0,6,2,2,0,0,209,209.5,220.5,215.5,0,21,0,2020,6210,508,494,2265
Carson Wentz,PHI,QB,28,12,12,251,437,2620,16,15,52,276,5.31,5,0,0,0,0.0,0,10,4,5,0,5,198,198.4,223.4,213.4,0,22,0,2020,5728,561,396,2000
Drew Lock,DEN,QB,24,13,13,254,443,2933,16,15,44,160,3.64,3,0,0,0,0.0,0,8,3,3,0,1,181,181.3,205.3,196.3,0,23,0,2020,5591,533,441,1918
Daniel Jones,NYG,QB,23,14,14,280,448,2943,11,10,65,423,6.51,1,0,0,0,0.0,0,10,6,1,0,1,180,180.0,202.0,190.0,0,24,0,2020,5104,494,399,1768
Joe Burrow,CIN,QB,24,10,10,264,404,2688,13,5,37,142,3.84,3,0,0,0,0.0,0,9,4,3,0,0,174,173.7,188.7,178.7,0,25,0,2020,5415,566,409,1622
Gardner Minshew II,JAX,QB,24,9,8,216,327,2259,16,5,29,153,5.28,1,1,1,0,0.0,0,5,4,1,0,1,160,160.7,175.7,165.2,0,26,0,2020,5474,585,337,1519
Mitchell Trubisky,CHI,QB,26,10,9,199,297,2055,16,8,33,195,5.91,1,0,0,0,0.0,0,6,2,1,0,1,154,153.7,169.7,161.7,0,27,0,2020,5561,595,392,1636
Ryan Fitzpatrick,MIA,QB,38,9,7,183,267,2091,13,8,30,151,5.03,2,1,1,0,0.0,0,2,0,2,1,2,153,153.7,167.7,161.2,0,28,0,2020,5483,537,370,1546
Taysom Hill,NO,QB,30,16,8,88,121,928,4,2,87,457,5.25,8,12,8,98,12.25,1,10,5,9,0,0,149,156.6,169.6,154.6,0,29,0,2020,6210,508,494,2265
Andy Dalton,DAL,QB,33,11,9,216,333,2170,14,8,28,114,4.07,0,1,1,-3,-3.0,0,2,1,0,0,0,136,136.9,151.9,144.4,0,30,0,2020,6296,616,428,1785
Dak Prescott,DAL,QB,27,5,5,151,222,1856,9,4,18,93,5.17,3,1,1,11,11.0,1,3,3,4,1,1,135,135.6,145.6,139.1,0,32,0,2020,6296,616,428,1785
Tua Tagovailoa,MIA,QB,22,10,9,186,290,1814,11,5,36,109,3.03,3,0,0,0,0.0,0,1,1,3,0,1,135,135.5,147.5,140.5,0,31,0,2020,5483,537,370,1546
Sam Darnold,NYJ,QB,23,12,12,217,364,2208,9,11,37,217,5.86,2,0,0,0,0.0,0,4,2,2,0,1,134,134.0,153.0,145.0,0,33,0,2020,4457,430,330,1342
Nick Mullens,SF,QB,25,10,8,211,326,2437,12,12,9,8,0.89,0,0,0,0,0.0,0,6,4,0,0,1,116,116.3,135.3,128.3,0,34,0,2020,6209,552,437,1889
Jalen Hurts,PHI,QB,22,15,4,77,148,1061,6,4,63,354,5.62,3,1,1,3,3.0,0,9,2,3,0,0,108,109.1,121.1,112.6,0,35,0,2020,5728,561,396,2000
Nick Foles,CHI,QB,31,9,7,202,312,1852,10,8,16,1,0.06,1,0,0,0,0.0,0,2,0,1,0,0,104,104.2,115.2,112.2,0,36,0,2020,5561,595,392,1636
Alex Smith,WAS,QB,36,8,6,168,252,1582,6,8,10,3,0.3,0,0,0,0,0.0,0,2,0,0,0,0,72,71.6,82.6,79.6,0,37,0,2020,5407,573,400,1611
Dwayne Haskins,WAS,QB,23,7,6,148,241,1439,5,7,20,46,2.3,1,0,0,0,0.0,0,6,3,1,0,0,68,68.2,81.2,75.2,0,38,0,2020,5407,573,400,1611
Jimmy Garoppolo,SF,QB,29,6,6,94,140,1096,7,5,10,25,2.5,0,0,0,0,0.0,0,2,0,0,0,0,64,64.3,72.3,69.3,0,39,0,2020,6209,552,437,1889
Mike Glennon,JAX,QB,31,5,5,111,179,1072,7,5,6,17,2.83,0,0,0,0,0.0,0,2,2,0,0,1,61,60.6,70.6,65.6,0,40,0,2020,5474,585,337,1519
Joe Flacco,NYJ,QB,35,5,4,74,134,864,6,3,6,22,3.67,0,0,0,0,0.0,0,1,0,0,0,0,55,54.8,60.8,57.8,0,41,0,2020,4457,430,330,1342
C.J. Beathard,SF,QB,27,6,2,66,104,787,6,0,6,28,4.67,0,0,0,0,0.0,0,3,3,0,0,0,52,52.3,58.3,52.3,0,42,0,2020,6209,552,437,1889
Brandon Allen,CIN,QB,28,5,5,90,142,925,5,4,13,27,2.08,0,1,0,0,0.0,0,1,1,0,0,0,50,49.7,57.7,53.7,0,43,0,2020,5415,566,409,1622
Kyle Allen,WAS,QB,24,4,4,60,87,610,4,1,7,26,3.71,1,0,0,0,0.0,0,1,1,1,0,0,45,45.0,50.0,46.0,0,44,0,2020,5407,573,400,1611
Jeff Driskel,DEN,QB,27,3,1,35,64,432,3,2,6,28,4.67,0,0,0,0,0.0,0,0,0,0,0,1,30,30.1,35.1,32.1,0,45,0,2020,5591,533,441,1918
Jake Luton,JAX,QB,24,3,3,60,110,624,2,6,1,13,13.0,1,0,0,0,0.0,0,2,0,1,0,0,28,28.3,37.3,34.3,0,46,0,2020,5474,585,337,1519
Marcus Mariota,LV,QB,27,1,0,17,28,226,1,1,9,88,9.78,1,0,0,0,0.0,0,0,0,1,0,0,26,25.8,26.8,26.8,0,47,0,2020,6298,523,455,1915
Chad Henne,KC,QB,35,3,1,28,38,248,2,0,7,-2,-0.29,1,0,0,0,0.0,0,2,0,1,0,0,24,23.7,23.7,23.7,0,48,0,2020,6532,591,337,1540
Jacoby Brissett,IND,QB,28,11,0,2,8,17,0,0,17,19,1.12,3,0,0,0,0.0,0,0,0,3,0,0,21,20.6,20.6,20.6,0,49,0,2020,6182,535,459,1996
Ryan Finley,CIN,QB,26,5,1,17,32,164,1,2,11,66,6.0,1,0,0,0,0.0,0,0,0,1,0,0,19,19.2,21.2,21.2,0,50,0,2020,5415,566,409,1622
Colt McCoy,NYG,QB,34,4,2,40,66,375,1,1,9,12,1.33,0,0,0,0,0.0,0,1,1,0,0,1,18,18.2,23.2,19.2,0,52,0,2020,5104,494,399,1768
Mason Rudolph,PIT,QB,25,5,1,25,43,324,2,1,7,-6,-0.86,0,0,0,0,0.0,0,0,0,0,0,0,18,18.4,22.4,19.4,0,51,0,2020,5480,651,373,1351
Blaine Gabbert,TB,QB,31,4,0,9,16,143,2,0,9,16,1.78,0,0,0,0,0.0,0,1,0,0,0,0,15,15.3,15.3,15.3,0,53,0,2020,6295,606,369,1519
Garrett Gilbert,DAL,QB,29,1,1,21,38,243,1,1,3,28,9.33,0,0,0,0,0.0,0,0,0,0,0,0,15,14.5,15.5,15.5,0,54,0,2020,6296,616,428,1785
Jarrett Stidham,NE,QB,24,5,0,22,44,256,2,3,7,7,1.0,0,0,0,0,0.0,0,0,0,0,0,0,13,12.9,15.9,15.9,0,55,0,2020,5470,419,502,2346
John Wolford,LAR,QB,25,1,1,22,38,231,0,1,6,56,9.33,0,0,0,0,0.0,0,0,0,0,0,0,13,12.8,13.8,13.8,0,56,0,2020,6201,562,473,2018
Chase Daniel,DET,QB,34,4,0,29,43,264,1,2,2,16,8.0,0,0,0,0,0.0,0,0,0,0,0,0,12,12.2,14.2,14.2,0,57,0,2020,5889,505,363,1492
Taylor Heinicke,WAS,QB,27,1,0,12,19,137,1,0,3,22,7.33,0,0,0,0,0.0,0,0,0,0,0,0,12,11.7,11.7,11.7,0,58,0,2020,5407,573,400,1611
Brett Rypien,DEN,QB,24,3,1,27,40,295,2,4,5,-5,-1.0,0,0,0,0,0.0,0,1,0,0,0,0,11,11.3,15.3,15.3,0,59,0,2020,5591,533,441,1918
Matt Barkley,BUF,QB,30,5,0,11,21,197,1,1,6,-6,-1.0,0,0,0,0,0.0,0,0,0,0,0,0,9,9.3,10.3,10.3,0,61,0,2020,6496,571,411,1723
Trace McSorley,BAL,QB,25,2,0,3,10,90,1,0,5,17,3.4,0,0,0,0,0.0,0,0,0,0,0,0,9,9.3,9.3,9.3,0,60,0,2020,5975,388,554,3071
Tyrod Taylor,LAC,QB,31,2,1,16,30,208,0,0,6,7,1.17,0,0,0,0,0.0,0,0,0,0,0,0,9,9.0,9.0,9.0,0,62,0,2020,6070,584,377,1522
P.J. Walker,CAR,QB,25,4,1,32,56,368,1,5,5,-2,-0.4,0,1,0,0,0.0,0,1,0,0,0,0,9,8.5,16.5,13.5,0,63,0,2020,5774,527,403,1673
Chris Streveler,ARI,QB,25,5,0,11,16,105,1,1,4,15,3.75,0,0,0,0,0.0,0,1,0,0,0,0,8,7.7,8.7,8.7,0,64,0,2020,6313,543,479,2237
Ben DiNucci,DAL,QB,24,3,1,23,43,219,0,0,6,22,3.67,0,0,0,0,0.0,0,4,2,0,0,0,7,7.0,9.0,7.0,0,65,0,2020,6296,616,428,1785
Robert Griffin III,BAL,QB,30,4,1,8,14,42,0,2,12,69,5.75,0,0,0,0,0.0,0,1,1,0,0,0,3,2.6,5.6,4.6,0,67,0,2020,5975,388,554,3071
Tyler Huntley,BAL,QB,22,2,0,3,5,15,0,0,10,23,2.3,0,0,0,0,0.0,0,0,0,0,0,0,3,2.9,2.9,2.9,0,66,0,2020,5975,388,554,3071
David Blough,DET,QB,25,1,0,6,10,49,0,1,1,18,18.0,0,0,0,0,0.0,0,0,0,0,0,0,2,1.8,2.8,2.8,0,74,0,2020,5889,505,363,1492
Joshua Dobbs,PIT,QB,25,1,0,4,5,2,0,0,2,20,10.0,0,0,0,0,0.0,0,0,0,0,0,0,2,2.1,2.1,2.1,0,70,0,2020,5480,651,373,1351
Brian Hoyer,NE,QB,35,1,1,15,24,130,0,1,1,8,8.0,0,0,0,0,0.0,0,1,1,0,0,0,2,2.0,4.0,3.0,0,71,0,2020,5470,419,502,2346
Case Keenum,CLE,QB,32,2,0,5,10,46,0,0,0,0,0.0,0,0,0,0,0.0,0,0,0,0,0,0,2,1.8,1.8,1.8,0,73,0,2020,6029,463,485,2328
Nathan Peterman,LV,QB,26,1,0,3,5,25,0,0,1,9,9.0,0,0,0,0,0.0,0,0,0,0,0,0,2,1.9,1.9,1.9,0,72,0,2020,6298,523,455,1915
Tommy Stevens,CAR,QB,24,1,0,0,0,0,0,0,4,24,6.0,0,0,0,0,0.0,0,0,0,0,0,0,2,2.4,2.4,2.4,0,68,0,2020,5774,527,403,1673
Jameis Winston,NO,QB,26,4,0,7,11,75,0,0,8,-6,-0.75,0,0,0,0,0.0,0,0,0,0,0,0,2,2.4,2.4,2.4,0,69,0,2020,6210,508,494,2265
Tyler Bray,CHI,QB,29,1,0,1,5,18,0,0,0,0,0.0,0,0,0,0,0.0,0,0,0,0,0,0,1,0.7,0.7,0.7,0,78,0,2020,5561,595,392,1636
A.J. McCarron,HOU,QB,30,2,0,1,1,20,0,0,0,0,0.0,0,0,0,0,0.0,0,0,0,0,0,0,1,0.8,0.8,0.8,0,77,0,2020,6309,523,344,1466
Geno Smith,SEA,QB,30,1,0,4,5,33,0,0,2,-2,-1.0,0,0,0,0,0.0,0,1,0,0,0,0,1,1.1,1.1,1.1,0,76,0,2020,6216,537,411,1971
Logan Woodside,TEN,QB,25,6,0,1,3,7,0,0,7,10,1.43,0,0,0,0,0.0,0,0,0,0,0,0,1,1.3,1.3,1.3,0,75,0,2020,6512,467,520,2686
Matt Schaub,ATL,QB,39,1,0,0,0,0,0,0,3,-4,-1.33,0,0,0,0,0.0,0,0,0,0,0,0,0,-0.4,-0.4,-0.4,0,80,0,2020,6150,605,408,1530
Easton Stick,LAC,QB,25,1,0,1,1,4,0,0,1,-2,-2.0,0,0,0,0,0.0,0,0,0,0,0,0,0,0.0,0.0,0.0,0,79,0,2020,6070,584,377,1522
Tim Boyle,GB,QB,26,8,0,0,0,0,0,0,13,-9,-0.69,0,0,0,0,0.0,0,1,0,0,0,0,-1,-0.9,-0.9,-0.9,0,81,0,2020,6417,501,443,2118
Nate Sudfeld,PHI,QB,27,1,0,5,12,32,0,1,2,12,6.0,0,0,0,0,0.0,0,1,1,0,0,0,-2,-1.5,0.5,-0.5,0,82,0,2020,5728,561,396,2000
Josh Allen,BUF,QB,25,17,17,409,646,4407,36,15,122,763,6.25,6,0,0,0,0.0,0,8,3,6,2,1,403,402.6,426.6,417.6,126,1,4,2021,6659,622,461,2209
Justin Herbert,LAC,QB,23,17,17,443,672,5014,38,15,63,302,4.79,3,0,0,0,0.0,0,1,1,3,1,5,381,380.8,402.8,395.8,106,2,6,2021,6829,658,420,1815
Tom Brady,TB,QB,44,17,17,485,719,5316,43,12,28,81,2.89,2,0,0,0,0.0,0,4,3,2,0,0,375,374.7,392.7,386.7,100,3,7,2021,7037,712,377,1654
Patrick Mahomes,KC,QB,26,17,17,436,658,4839,37,13,66,381,5.77,2,0,0,0,0.0,0,9,4,2,1,1,362,361.7,384.7,374.7,88,4,13,2021,6876,636,431,1955
Aaron Rodgers,GB,QB,38,16,16,366,531,4115,37,4,33,101,3.06,3,1,1,-4,-4.0,0,3,0,3,0,0,332,333.3,343.3,336.8,60,5,18,2021,6426,570,446,1900
Matthew Stafford,LAR,QB,33,17,17,404,601,4886,41,17,32,43,1.34,0,0,0,0,0.0,0,5,2,0,0,2,330,329.7,351.7,346.7,58,6,20,2021,6569,539,417,1678
Dak Prescott,DAL,QB,28,16,16,410,596,4449,37,10,48,146,3.04,1,0,0,0,0.0,0,14,6,1,1,2,321,320.6,342.6,330.6,49,7,23,2021,7082,636,473,2119
Joe Burrow,CIN,QB,25,16,16,366,520,4611,34,14,40,118,2.95,2,0,0,0,0.0,0,5,2,2,0,1,314,314.2,336.2,328.2,43,8,29,2021,6548,540,436,1742
Jalen Hurts,PHI,QB,23,15,15,265,432,3144,16,9,139,784,5.64,10,1,0,0,0.0,0,9,2,10,0,3,312,312.2,329.2,321.2,41,9,31,2021,6300,436,550,2715
Kyler Murray,ARI,QB,24,14,14,333,481,3787,24,10,88,423,4.81,5,0,0,7,0.0,0,13,0,5,0,0,300,300.5,316.5,310.5,30,10,40,2021,6668,489,494,2072
Kirk Cousins,MIN,QB,33,16,16,372,561,4221,33,7,29,115,3.97,1,0,0,0,0.0,0,12,2,1,0,0,300,300.3,315.3,307.3,30,11,41,2021,6350,573,442,1900
Ryan Tannehill,TEN,QB,33,17,17,357,531,3734,21,14,55,270,4.91,7,0,0,0,0.0,0,10,4,7,0,1,268,268.4,292.4,282.4,0,12,78,2021,6057,504,522,2318
Carson Wentz,IND,QB,29,17,17,322,516,3563,27,7,57,215,3.77,1,0,0,0,0.0,0,8,5,1,0,2,258,258.0,276.0,265.0,0,13,0,2021,6128,501,499,2540
Derek Carr,LV,QB,30,17,17,428,626,4804,23,14,40,108,2.7,0,0,0,0,0.0,0,13,5,0,0,0,257,257.0,282.0,271.0,0,14,0,2021,6415,579,411,1607
Russell Wilson,SEA,QB,33,14,14,259,400,3113,25,6,43,183,4.26,2,0,0,0,0.0,0,6,1,2,0,1,243,242.8,255.8,248.8,0,15,0,2021,5873,473,402,2058
Lamar Jackson,BAL,QB,24,12,12,246,382,2882,16,13,133,767,5.77,2,0,0,0,0.0,0,6,3,2,0,2,240,240.0,262.0,253.0,0,16,0,2021,6344,588,479,2381
Jimmy Garoppolo,SF,QB,30,15,15,301,441,3810,20,12,38,51,1.34,3,0,0,0,0.0,0,8,3,3,0,1,228,227.5,245.5,239.5,0,17,0,2021,6604,496,498,2167
Mac Jones,NE,QB,23,17,17,352,521,3801,22,13,44,129,2.93,0,0,0,0,0.0,0,7,3,0,0,2,225,224.9,246.9,237.9,0,18,0,2021,6249,524,489,2151
Matt Ryan,ATL,QB,36,17,17,375,560,3968,20,12,40,82,2.05,1,0,0,0,0.0,0,11,4,1,1,0,223,222.9,241.9,234.9,0,19,0,2021,5334,551,365,1347
Taylor Heinicke,WAS,QB,28,16,15,321,494,3419,20,15,60,313,5.22,1,1,1,-2,-2.0,0,7,2,1,1,0,222,222.9,245.9,237.4,0,20,0,2021,5807,534,477,2061
Ben Roethlisberger,PIT,QB,39,16,16,390,605,3740,22,10,20,5,0.25,1,0,0,0,0.0,0,11,5,1,0,2,218,218.1,236.1,228.1,0,21,0,2021,5600,652,411,1583
Teddy Bridgewater,DEN,QB,29,14,14,285,426,3052,18,7,30,106,3.53,2,0,0,0,0.0,0,1,1,2,0,1,203,202.7,216.7,209.7,0,22,0,2021,5881,514,455,2025
Trevor Lawrence,JAX,QB,22,17,17,359,602,3641,12,17,73,334,4.58,2,0,0,0,0.0,0,9,5,2,0,2,199,199.0,227.0,216.0,0,23,0,2021,5423,530,390,1749
Jared Goff,DET,QB,27,14,14,332,494,3245,19,8,17,87,5.12,0,0,0,0,0.0,0,9,6,0,0,4,195,194.5,211.5,202.5,0,24,0,2021,5704,520,426,1858
Baker Mayfield,CLE,QB,26,14,14,253,418,3010,17,13,37,134,3.62,1,0,0,11,0.0,0,6,3,1,0,2,181,180.9,202.9,193.9,0,26,0,2021,6076,465,482,2457
Tua Tagovailoa,MIA,QB,23,13,12,263,388,2653,16,10,42,128,3.05,3,0,0,0,0.0,0,9,1,3,0,1,181,180.9,197.9,190.9,0,25,0,2021,5384,595,402,1448
Daniel Jones,NYG,QB,24,11,11,232,361,2428,10,7,62,298,4.81,2,1,1,16,16.0,0,7,3,2,2,1,167,167.5,183.5,174.0,0,27,0,2021,5151,562,419,1688
Sam Darnold,CAR,QB,24,12,11,243,406,2527,9,13,48,222,4.63,5,0,0,0,0.0,0,9,4,5,0,1,157,157.3,180.3,170.3,0,28,0,2021,5188,506,389,1615
Davis Mills,HOU,QB,23,13,11,263,394,2664,16,10,18,44,2.44,0,0,0,0,0.0,0,5,1,0,1,1,157,157.0,171.0,167.0,0,29,0,2021,4529,475,241,899
Zach Wilson,NYJ,QB,22,13,13,213,383,2334,9,11,29,185,6.38,4,1,0,0,0.0,0,5,1,4,1,1,152,151.9,169.9,162.9,0,30,0,2021,5270,580,375,1645
Justin Fields,CHI,QB,22,12,10,159,270,1870,7,10,72,420,5.83,2,0,0,0,0.0,0,12,5,2,0,0,127,126.8,147.8,136.8,0,31,0,2021,5620,509,470,1985
Taysom Hill,NO,QB,31,12,9,78,134,978,4,5,70,374,5.34,5,6,4,52,13.0,0,2,0,5,0,0,118,121.7,132.7,124.7,0,32,0,2021,5150,446,436,1713
Jameis Winston,NO,QB,27,7,7,95,161,1170,14,3,32,166,5.19,1,0,0,0,0.0,0,2,1,1,0,0,117,117.4,127.4,120.4,0,33,0,2021,5150,446,436,1713
Trevor Siemian,NO,QB,30,6,4,108,188,1154,11,3,9,20,2.22,1,0,0,0,0.0,0,3,1,1,0,0,90,90.2,97.2,93.2,0,34,0,2021,5150,446,436,1713
Cam Newton,CAR,QB,32,8,5,69,126,684,4,5,47,230,4.89,5,0,0,0,0.0,0,4,1,5,0,1,86,86.4,98.4,91.4,0,35,0,2021,5188,506,389,1615
Andy Dalton,CHI,QB,34,8,6,149,236,1515,8,9,16,76,4.75,0,0,0,0,0.0,0,1,1,0,0,2,84,84.2,97.2,93.2,0,36,0,2021,5620,509,470,1985
Tyler Huntley,BAL,QB,23,7,4,122,188,1081,3,4,47,294,6.26,2,0,0,0,0.0,0,4,3,2,0,0,83,82.6,95.6,86.6,0,37,0,2021,6344,588,479,2381
Tyrod Taylor,HOU,QB,32,6,6,91,150,966,5,5,19,151,7.95,3,0,0,0,0.0,0,3,0,3,0,0,82,81.7,92.7,86.7,0,38,0,2021,4529,475,241,899
Jacoby Brissett,MIA,QB,29,11,5,141,225,1283,5,4,19,70,3.68,1,0,0,0,0.0,0,6,3,1,0,1,72,72.3,82.3,76.3,0,39,0,2021,5384,595,402,1448
Trey Lance,SF,QB,21,6,2,41,71,603,5,2,38,168,4.42,1,0,0,0,0.0,0,0,0,1,1,0,65,64.9,72.9,66.9,0,40,0,2021,6604,496,498,2167
Geno Smith,SEA,QB,31,4,3,65,95,702,5,1,9,42,4.67,1,0,0,0,0.0,0,1,1,1,0,0,54,54.3,59.3,55.3,0,41,0,2021,5873,473,402,2058
Drew Lock,DEN,QB,25,6,3,67,111,787,2,2,10,53,5.3,2,1,1,1,1.0,0,2,1,2,0,0,51,51.9,57.9,53.4,0,42,0,2021,5881,514,455,2025
Josh Johnson,2TM,QB,35,4,1,57,85,638,5,2,9,28,3.11,0,0,0,0,0.0,0,2,0,0,1,0,46,46.3,51.3,48.3,0,43,0,2021,2203,508,490,1565
Mike White,NYJ,QB,26,4,3,88,132,953,5,8,5,-1,-0.2,0,0,0,0,0.0,0,0,0,0,1,0,44,44.0,55.0,52.0,0,44,0,2021,5270,580,375,1645
Colt McCoy,ARI,QB,35,8,3,74,99,740,3,1,22,37,1.68,0,0,0,0,0.0,0,4,1,0,0,0,41,41.3,46.3,42.3,0,45,0,2021,6668,489,494,2072
Gardner Minshew II,PHI,QB,25,4,2,41,60,439,4,1,9,21,2.33,0,0,0,0,0.0,0,1,0,0,0,0,34,33.7,37.7,34.7,0,46,0,2021,6300,436,550,2715
Mike Glennon,NYG,QB,32,6,4,90,167,790,4,10,7,33,4.71,1,0,0,0,0.0,0,6,3,1,0,0,31,30.9,46.9,40.9,0,47,0,2021,5151,562,419,1688
Case Keenum,CLE,QB,33,7,2,47,72,462,3,1,12,22,1.83,0,0,0,0,0.0,0,1,1,0,0,0,29,28.7,33.7,29.7,0,48,0,2021,6076,465,482,2457
Tim Boyle,DET,QB,27,5,3,61,94,526,3,6,2,13,6.5,0,0,0,0,0.0,0,1,0,0,0,1,24,24.3,33.3,30.3,0,49,0,2021,5704,520,426,1858
Joe Flacco,NYJ,QB,36,2,1,27,42,338,3,0,2,3,1.5,0,0,0,0,0.0,0,1,1,0,0,0,24,23.8,27.8,23.8,0,51,0,2021,5270,580,375,1645
Cooper Rush,DAL,QB,28,5,1,30,47,422,3,1,9,-8,-0.89,0,0,0,0,0.0,0,1,1,0,0,0,24,24.1,29.1,25.1,0,50,0,2021,7082,636,473,2119
Jordan Love,GB,QB,23,6,1,36,62,411,2,3,12,27,2.25,0,0,0,0,0.0,0,3,1,0,1,0,21,21.1,28.1,24.1,0,52,0,2021,6426,570,446,1900
Mason Rudolph,PIT,QB,26,2,1,35,58,277,1,1,5,53,10.6,0,0,0,0,0.0,0,1,0,0,0,0,18,18.4,19.4,19.4,0,53,0,2021,5600,652,411,1583
Nick Foles,CHI,QB,32,1,1,24,35,250,1,0,4,8,2.0,0,0,0,0,0.0,0,1,0,0,0,1,17,16.8,16.8,16.8,0,54,0,2021,5620,509,470,1985
Marcus Mariota,LV,QB,28,10,0,1,2,4,0,0,13,87,6.69,1,0,0,0,0.0,0,1,0,1,0,0,15,14.9,14.9,14.9,0,55,0,2021,6415,579,411,1607
Brandon Allen,CIN,QB,29,6,1,17,34,149,2,0,7,-1,-0.14,0,0,0,0,0.0,0,1,0,0,0,0,14,13.9,13.9,13.9,0,56,0,2021,6548,540,436,1742
P.J. Walker,CAR,QB,26,5,1,36,66,362,1,3,7,13,1.86,0,0,0,0,0.0,0,3,1,0,0,1,14,13.8,20.8,16.8,0,57,0,2021,5188,506,389,1615
Sean Mannion,MIN,QB,29,1,1,22,36,189,1,0,2,14,7.0,0,0,0,0,0.0,0,0,0,0,0,0,13,13.0,13.0,13.0,0,58,0,2021,6350,573,442,1900
Brian Hoyer,NE,QB,36,5,0,9,11,227,1,0,11,-8,-0.73,0,0,0,0,0.0,0,0,0,0,0,0,12,12.3,12.3,12.3,0,59,0,2021,6249,524,489,2151
Jake Fromm,NYG,QB,23,3,2,27,60,210,1,3,8,65,8.13,0,0,0,0,0.0,0,2,1,0,0,0,11,10.9,14.9,13.9,0,60,0,2021,5151,562,419,1688
Nick Mullens,CLE,QB,26,1,1,20,30,147,1,0,0,0,0.0,0,0,0,0,0.0,0,0,0,0,0,0,10,9.9,9.9,9.9,0,61,0,2021,6076,465,482,2457
Kyle Allen,WAS,QB,25,2,0,12,19,120,1,0,2,11,5.5,0,0,0,0,0.0,0,1,1,0,0,0,8,7.9,8.9,7.9,0,63,0,2021,5807,534,477,2061
Garrett Gilbert,WAS,QB,30,1,1,20,31,194,0,0,0,0,0.0,0,0,0,0,0.0,0,1,0,0,0,0,8,7.8,7.8,7.8,0,64,0,2021,5807,534,477,2061
Mitchell Trubisky,BUF,QB,27,6,0,6,8,43,0,1,13,24,1.85,1,0,0,0,0.0,0,0,0,1,0,0,8,8.1,9.1,9.1,0,62,0,2021,6659,622,461,2209
Chad Henne,KC,QB,36,4,0,11,16,82,0,0,8,0,0.0,0,0,0,0,0.0,0,2,0,0,0,0,3,3.3,3.3,3.3,0,65,0,2021,6876,636,431,1955
C.J. Beathard,JAX,QB,28,2,0,2,2,33,0,0,1,2,2.0,0,0,0,0,0.0,0,0,0,0,0,0,2,1.5,1.5,1.5,0,69,0,2021,5423,530,390,1749
Ian Book,NO,QB,23,1,1,12,20,135,0,2,3,6,2.0,0,0,0,0,0.0,0,0,0,0,0,0,2,2.0,4.0,4.0,0,67,0,2021,5150,446,436,1713
Blaine Gabbert,TB,QB,32,6,0,7,11,67,0,0,9,-7,-0.78,0,0,0,0,0.0,0,0,0,0,0,0,2,2.0,2.0,2.0,0,68,0,2021,7037,712,377,1654
Chris Streveler,ARI,QB,26,2,0,6,9,36,0,0,3,6,2.0,0,0,0,0,0.0,0,1,0,0,0,0,2,2.0,2.0,2.0,0,66,0,2021,6668,489,494,2072
David Blough,DET,QB,26,1,0,0,0,0,0,0,1,6,6.0,0,0,0,0,0.0,0,1,0,0,0,0,1,0.6,0.6,0.6,0,72,0,2021,5704,520,426,1858
Sam Ehlinger,IND,QB,23,3,0,0,0,0,0,0,3,9,3.0,0,0,0,0,0.0,0,0,0,0,0,0,1,0.9,0.9,0.9,0,70,0,2021,6128,501,499,2540
Ryan Fitzpatrick,WAS,QB,39,1,1,3,6,13,0,0,1,2,2.0,0,0,0,0,0.0,0,1,0,0,0,0,1,0.7,0.7,0.7,0,71,0,2021,5807,534,477,2061
Kurt Benkert,GB,QB,26,1,0,0,0,0,0,0,2,-1,-0.5,0,0,0,0,0.0,0,0,0,0,0,0,0,-0.1,-0.1,-0.1,0,78,0,2021,6426,570,446,1900
Chase Daniel,LAC,QB,35,1,0,0,0,0,0,0,2,-2,-1.0,0,0,0,0,0.0,0,0,0,0,0,0,0,-0.2,-0.2,-0.2,0,79,0,2021,6829,658,420,1815
Kellen Mond,MIN,QB,22,1,0,2,3,5,0,0,0,0,0.0,0,0,0,0,0.0,0,0,0,0,0,0,0,0.2,0.2,0.2,0,73,0,2021,6350,573,442,1900
Nathan Peterman,LV,QB,27,1,0,0,0,0,0,0,2,2,1.0,0,0,0,0,0.0,0,0,0,0,0,0,0,0.2,0.2,0.2,0,74,0,2021,6415,579,411,1607
Brett Rypien,DEN,QB,25,1,0,0,2,0,0,0,0,0,0.0,0,0,0,0,0.0,0,0,0,0,0,0,0,0.0,0.0,0.0,0,77,0,2021,5881,514,455,2025
Davis Webb,BUF,QB,26,1,0,0,0,0,0,0,2,-3,-1.5,0,0,0,0,0.0,0,0,0,0,0,0,0,-0.3,-0.3,-0.3,0,80,0,2021,6659,622,461,2209
Jacob Eason,IND,QB,24,1,0,2,5,25,0,1,0,0,0.0,0,0,0,0,0.0,0,0,0,0,0,0,-1,-1.0,0.0,0.0,0,82,0,2021,6128,501,499,2540
Feleipe Franks,ATL,QB,24,9,0,0,1,0,0,1,3,6,2.0,0,0,0,0,0.0,0,0,0,0,0,0,-1,-1.4,-0.4,-0.4,0,83,0,2021,5334,551,365,1347
Logan Woodside,TEN,QB,26,5,0,0,0,0,0,0,6,-6,-1.0,0,0,0,0,0.0,0,0,0,0,0,0,-1,-0.6,-0.6,-0.6,0,81,0,2021,6057,504,522,2318
John Wolford,LAR,QB,26,3,0,1,4,5,0,1,2,-1,-0.5,0,0,0,0,0.0,0,0,0,0,0,0,-2,-1.9,-0.9,-0.9,0,84,0,2021,6569,539,417,1678
Josh Rosen,ATL,QB,24,4,0,2,11,19,0,2,0,0,0.0,0,0,0,0,0.0,0,0,0,0,0,0,-3,-3.2,-1.2,-1.2,0,85,0,2021,5334,551,365,1347
Patrick Mahomes,KC,QB,27,17,17,435,648,5250,41,12,61,358,5.87,4,1,1,6,6.0,0,5,0,4,1,2,416,417.4,435.4,428.9,136,1,1,2022,7161,597,412,1911
Josh Allen,BUF,QB,26,16,16,359,567,4283,35,14,124,762,6.15,7,0,0,0,0.0,0,13,5,7,1,1,396,395.5,420.5,409.5,117,2,7,2022,6435,526,407,2144
Jalen Hurts,PHI,QB,24,15,15,306,460,3701,22,6,165,760,4.61,13,0,0,0,0.0,0,9,2,13,2,0,378,378.0,392.0,384.0,100,3,12,2022,6873,505,544,2509
Joe Burrow,CIN,QB,26,16,16,414,606,4475,35,12,75,257,3.43,5,0,0,0,0.0,0,6,3,5,0,3,351,350.7,371.7,362.7,74,4,17,2022,6048,594,399,1528
Geno Smith,SEA,QB,32,17,17,399,572,4282,30,11,68,366,5.38,1,0,0,0,0.0,0,8,4,1,0,0,304,303.9,324.9,314.9,30,5,42,2022,6326,547,415,2044
Justin Fields,CHI,QB,23,15,15,192,318,2242,17,11,160,1143,7.14,8,0,0,0,0.0,0,16,2,8,0,1,296,296.0,315.0,307.0,23,6,45,2022,5609,326,556,3011
Trevor Lawrence,JAX,QB,23,17,17,387,584,4113,25,8,62,291,4.69,5,0,0,0,0.0,0,12,9,5,0,3,296,295.6,318.6,303.6,23,7,46,2022,5924,563,367,1776
Kirk Cousins,MIN,QB,34,17,17,424,643,4547,29,14,31,97,3.13,2,0,0,0,0.0,0,7,3,2,0,3,292,291.6,311.6,305.6,19,8,50,2022,6466,555,404,1661
Daniel Jones,NYG,QB,25,16,16,317,472,3205,15,5,120,708,5.9,7,0,0,0,0.0,0,6,3,7,0,2,289,289.0,303.0,294.0,16,9,53,2022,5930,419,516,2499
Jared Goff,DET,QB,28,17,17,382,587,4438,29,7,29,73,2.52,0,1,1,5,5.0,0,7,4,0,1,1,283,284.3,298.3,290.8,11,10,60,2022,6562,519,478,2124
Justin Herbert,LAC,QB,24,17,17,477,699,4739,25,10,54,147,2.72,0,2,2,-10,-5.0,0,8,3,0,0,1,279,281.3,300.3,290.3,7,11,64,2022,6315,687,404,1524
Tom Brady,TB,QB,45,17,17,490,733,4694,25,9,29,-1,-0.03,1,1,0,0,0.0,0,5,4,1,0,2,272,271.7,287.7,280.7,0,12,0,2022,6052,717,385,1306
Aaron Rodgers,GB,QB,39,17,17,350,542,3695,26,12,34,94,2.76,1,0,0,0,0.0,0,8,4,1,0,2,239,239.2,258.2,251.2,0,13,0,2022,6003,509,455,2113
Lamar Jackson,BAL,QB,25,12,12,203,326,2242,17,7,112,764,6.82,3,0,0,0,0.0,0,5,2,3,0,1,236,236.1,251.1,243.1,0,14,0,2022,5921,460,525,2719
Tua Tagovailoa,MIA,QB,24,13,13,259,400,3548,25,8,23,70,3.04,0,0,0,0,0.0,0,6,1,0,0,0,231,230.9,242.9,238.9,0,15,0,2022,5939,521,262,1174
Russell Wilson,DEN,QB,34,15,15,292,483,3524,16,11,55,277,5.04,3,1,1,1,1.0,0,6,2,3,0,0,225,225.8,244.8,236.3,0,16,0,2022,5030,484,242,1023
Derek Carr,LV,QB,31,15,15,305,502,3522,24,14,24,102,4.25,0,0,0,0,0.0,0,4,0,0,0,0,219,219.1,239.1,233.1,0,17,0,2022,6244,558,427,2062
Kyler Murray,ARI,QB,25,11,11,259,390,2368,14,7,67,418,6.24,3,0,0,0,0.0,0,8,2,3,1,3,201,200.5,215.5,207.5,0,18,0,2022,5536,579,364,1574
Dak Prescott,DAL,QB,29,12,12,261,394,2860,23,15,45,182,4.04,1,0,0,0,0.0,0,4,1,1,0,0,199,198.6,220.6,213.6,0,19,0,2022,6209,545,530,2298
Marcus Mariota,ATL,QB,29,13,13,184,300,2219,15,9,85,438,5.15,4,0,0,0,0.0,0,8,3,4,0,2,197,196.6,214.6,205.6,0,20,0,2022,5645,400,559,2718
Davis Mills,HOU,QB,24,15,15,292,479,3118,17,15,32,108,3.38,2,0,0,0,0.0,0,8,3,2,0,1,182,181.5,205.5,196.5,0,21,0,2022,5107,528,392,1465
Andy Dalton,NO,QB,35,14,14,252,378,2871,18,9,30,54,1.8,0,0,0,0,0.0,0,5,1,0,0,1,174,174.2,187.2,183.2,0,22,0,2022,5873,487,448,1904
Mac Jones,NE,QB,24,14,14,288,442,2997,14,11,47,102,2.17,1,0,0,0,0.0,0,5,1,1,0,1,170,170.1,188.1,181.1,0,23,0,2022,5627,514,425,1812
Jacoby Brissett,CLE,QB,30,16,11,236,369,2608,12,6,49,243,4.96,2,0,0,0,0.0,0,6,4,2,0,0,169,168.6,184.6,174.6,0,24,0,2022,6200,495,532,2490
Jimmy Garoppolo,SF,QB,31,11,10,207,308,2437,16,4,23,33,1.43,2,0,0,0,0.0,0,3,2,2,0,0,165,164.8,173.8,168.8,0,25,0,2022,5161,426,253,1146
Ryan Tannehill,TEN,QB,34,12,12,212,325,2536,13,6,34,98,2.88,2,0,0,0,0.0,0,3,2,2,0,1,161,161.2,172.2,167.2,0,26,0,2022,5333,428,482,2106
Matt Ryan,IND,QB,37,12,12,309,461,3057,14,13,27,70,2.59,1,0,0,0,0.0,0,15,5,1,0,0,155,155.3,176.3,168.3,0,27,0,2022,5319,546,345,1465
Kenny Pickett,PIT,QB,24,13,12,245,389,2404,7,9,55,237,4.31,3,0,0,0,0.0,0,4,1,3,0,2,150,149.9,165.9,158.9,0,28,0,2022,5674,498,491,2014
Baker Mayfield,2TM,QB,27,12,10,201,335,2163,10,8,31,89,2.87,1,0,0,0,0.0,0,9,2,1,0,0,121,121.4,134.4,129.4,0,29,0,2022,6488,741,969,4290
Taylor Heinicke,WAS,QB,29,9,9,161,259,1859,12,6,28,96,3.43,1,0,0,0,0.0,0,7,5,1,0,0,116,116.0,130.0,122.0,0,30,0,2022,5926,531,538,2143
Carson Wentz,WAS,QB,30,8,7,172,276,1755,11,9,22,86,3.91,1,0,0,0,0.0,0,6,1,1,0,2,113,112.8,125.8,121.8,0,31,0,2022,5926,531,538,2143
Matthew Stafford,LAR,QB,34,9,9,206,303,2087,10,8,13,9,0.69,1,0,0,0,0.0,0,5,3,1,0,0,108,108.4,122.4,116.4,0,32,0,2022,4262,516,396,1624
Brock Purdy,SF,QB,23,9,5,114,170,1374,13,4,22,13,0.59,1,0,0,0,0.0,0,0,0,1,0,0,106,106.3,113.3,110.3,0,33,0,2022,5161,426,253,1146
Zach Wilson,NYJ,QB,23,9,9,132,242,1688,6,7,28,102,3.64,1,1,1,2,2.0,1,1,1,2,0,0,98,98.9,112.9,105.4,0,34,0,2022,5622,584,375,1599
Sam Darnold,CAR,QB,25,6,6,82,140,1143,7,3,26,106,4.08,2,0,0,0,0.0,0,6,2,2,0,0,86,86.3,97.3,89.3,0,35,0,2022,3696,357,381,1763
Deshaun Watson,CLE,QB,27,6,6,99,170,1102,7,5,36,175,4.86,1,0,0,0,0.0,0,1,0,1,0,0,86,85.6,96.6,90.6,0,36,0,2022,6200,495,532,2490
Mitchell Trubisky,PIT,QB,28,7,5,117,180,1252,4,5,19,38,2.0,2,0,0,0,0.0,0,0,0,2,0,1,74,73.9,81.9,78.9,0,37,0,2022,5674,498,491,2014
Cooper Rush,DAL,QB,29,9,5,94,162,1051,5,3,9,6,0.67,0,0,0,0,0.0,0,2,0,0,0,0,57,56.6,62.6,59.6,0,38,0,2022,6209,545,530,2298
Mike White,NYJ,QB,27,4,4,103,175,1192,3,4,6,9,1.5,1,0,0,0,0.0,0,2,1,1,0,0,57,56.6,64.6,60.6,0,39,0,2022,5622,584,375,1599
Tyler Huntley,BAL,QB,24,6,4,75,112,658,2,3,43,137,3.19,1,0,0,0,0.0,0,3,0,1,1,0,50,50.0,59.0,53.0,0,40,0,2022,5921,460,525,2719
Joe Flacco,NYJ,QB,37,5,4,110,191,1051,5,3,3,6,2.0,0,0,0,-3,0.0,0,5,4,0,0,0,48,48.3,58.3,51.3,0,41,0,2022,5622,584,375,1599
Jameis Winston,NO,QB,28,3,3,73,115,858,4,5,5,16,3.2,0,0,0,0,0.0,0,3,0,0,0,1,44,43.9,51.9,48.9,0,42,0,2022,5873,487,448,1904
Jarrett Stidham,LV,QB,26,5,2,53,83,656,4,3,14,84,6.0,0,0,0,0,0.0,0,3,1,0,0,0,43,42.6,49.6,45.6,0,43,0,2022,6244,558,427,2062
Desmond Ridder,ATL,QB,23,4,4,73,115,708,2,0,16,64,4.0,0,0,0,0,0.0,0,3,2,0,0,0,39,38.7,43.7,38.7,0,45,0,2022,5645,400,559,2718
P.J. Walker,CAR,QB,27,6,5,63,106,731,3,3,6,39,6.5,0,0,0,0,0.0,0,0,0,0,0,0,39,39.1,45.1,42.1,0,44,0,2022,3696,357,381,1763
Bailey Zappe,NE,QB,23,4,2,65,92,781,5,3,10,0,0.0,0,1,1,-6,-6.0,0,4,3,0,0,0,39,39.6,48.6,42.1,0,46,0,2022,5627,514,425,1812
Teddy Bridgewater,MIA,QB,30,5,2,49,79,683,4,4,3,27,9.0,0,0,0,0,0.0,0,0,0,0,0,0,38,38.0,45.0,42.0,0,47,0,2022,5939,521,262,1174
Gardner Minshew II,PHI,QB,26,5,2,44,76,663,3,3,7,3,0.43,1,0,0,0,0.0,0,4,1,1,0,0,37,36.8,43.8,39.8,0,48,0,2022,6873,505,544,2509
Sam Ehlinger,IND,QB,24,4,3,64,101,573,3,3,17,87,5.12,0,0,0,0,0.0,0,2,1,0,0,0,36,35.6,42.6,38.6,0,49,0,2022,5319,546,345,1465
Colt McCoy,ARI,QB,36,4,3,90,132,780,1,3,14,36,2.57,0,0,0,0,0.0,0,2,0,0,0,0,33,32.8,38.8,35.8,0,50,0,2022,5536,579,364,1574
Joshua Dobbs,TEN,QB,27,2,2,40,68,411,2,2,8,44,5.5,0,0,0,0,0.0,0,4,2,0,0,0,21,20.8,27.8,22.8,0,51,0,2022,5333,428,482,2106
Davis Webb,NYG,QB,27,1,1,23,40,168,1,0,6,41,6.83,1,0,0,0,0.0,0,0,0,1,0,0,21,20.8,20.8,20.8,0,52,0,2022,5930,419,516,2499
David Blough,ARI,QB,27,2,2,38,58,402,2,2,4,5,1.25,0,0,0,0,0.0,0,1,1,0,0,0,19,18.6,24.6,20.6,0,54,0,2022,5536,579,364,1574
Malik Willis,TEN,QB,23,8,3,31,61,276,0,3,27,123,4.56,1,0,0,0,0.0,0,3,2,1,0,0,19,19.3,27.3,22.3,0,53,0,2022,5333,428,482,2106
Sam Howell,WAS,QB,22,1,1,11,19,169,1,1,5,35,7.0,1,0,0,0,0.0,0,0,0,1,0,0,18,18.3,19.3,19.3,0,55,0,2022,5926,531,538,2143
Brett Rypien,DEN,QB,26,4,2,53,88,483,2,4,6,7,1.17,0,0,0,0,0.0,0,4,1,0,0,0,18,18.0,26.0,22.0,0,56,0,2022,5030,484,242,1023
Skylar Thompson,MIA,QB,25,7,2,60,105,534,1,3,14,21,1.5,0,0,0,0,0.0,0,2,2,0,0,0,17,17.5,25.5,20.5,0,57,0,2022,5939,521,262,1174
Kyle Allen,HOU,QB,26,2,2,46,78,416,2,4,6,13,2.17,0,0,0,0,0.0,0,4,1,0,0,0,16,15.9,23.9,19.9,0,59,0,2022,5107,528,392,1465
Jeff Driskel,HOU,QB,29,7,2,14,20,108,1,0,20,75,3.75,0,1,1,4,4.0,0,0,0,0,0,0,16,17.2,17.2,16.7,0,58,0,2022,5107,528,392,1465
Bryce Perkins,LAR,QB,26,5,1,19,34,161,1,2,19,90,4.74,0,0,0,0,0.0,0,0,0,0,0,0,15,15.4,17.4,17.4,0,60,0,2022,4262,516,396,1624
John Wolford,LAR,QB,27,3,3,38,62,390,1,3,8,32,4.0,0,0,0,0,0.0,0,3,1,0,0,0,15,14.8,21.8,17.8,0,61,0,2022,4262,516,396,1624
Trey Lance,SF,QB,22,2,2,15,31,194,0,1,16,67,4.19,0,0,0,0,0.0,0,1,0,0,0,0,12,12.5,13.5,13.5,0,62,0,2022,5161,426,253,1146
Jordan Love,GB,QB,24,4,0,14,21,195,1,0,1,-1,-1.0,0,0,0,0,0.0,0,0,0,0,0,0,12,11.7,11.7,11.7,0,64,0,2022,6003,509,455,2113
Nick Mullens,MIN,QB,27,4,0,21,25,224,1,1,4,8,2.0,0,0,0,0,0.0,0,0,0,0,0,0,12,11.8,12.8,12.8,0,63,0,2022,6466,555,404,1661
Tyrod Taylor,NYG,QB,33,3,0,6,8,58,1,1,5,70,14.0,0,0,0,0,0.0,0,2,1,0,0,1,11,11.3,13.3,12.3,0,65,0,2022,5930,419,516,2499
Trevor Siemian,CHI,QB,31,2,1,15,26,184,1,1,4,8,2.0,0,0,0,0,0.0,0,0,0,0,0,0,10,10.2,11.2,11.2,0,66,0,2022,5609,326,556,3011
Trace McSorley,ARI,QB,27,6,1,45,83,412,0,5,15,61,4.07,0,0,0,0,0.0,0,2,2,0,0,0,9,8.6,18.6,13.6,0,68,0,2022,5536,579,364,1574
Chris Streveler,NYJ,QB,27,2,1,10,15,90,0,0,9,54,6.0,0,0,0,0,0.0,0,1,0,0,0,0,9,9.0,9.0,9.0,0,67,0,2022,5622,584,375,1599
Chase Daniel,LAC,QB,36,4,0,8,12,52,1,0,1,4,4.0,0,0,0,0,0.0,0,0,0,0,0,1,8,8.5,8.5,8.5,0,69,0,2022,6315,687,404,1524
Nathan Peterman,CHI,QB,28,3,1,14,25,139,1,1,2,7,3.5,0,0,0,0,0.0,0,0,0,0,0,0,8,8.3,9.3,9.3,0,70,0,2022,5609,326,556,3011
Anthony Brown,BAL,QB,24,2,1,22,49,302,0,2,3,-5,-1.67,0,0,0,0,0.0,0,1,1,0,0,0,6,5.6,11.6,7.6,0,71,0,2022,5921,460,525,2719
Blaine Gabbert,TB,QB,33,1,0,6,8,29,1,0,0,0,0.0,0,0,0,0,0.0,0,0,0,0,0,0,5,5.2,5.2,5.2,0,72,0,2022,6052,717,385,1306
Nick Foles,IND,QB,33,3,2,25,42,224,0,4,2,8,4.0,0,0,0,0,0.0,0,0,0,0,0,0,2,1.8,5.8,5.8,0,73,0,2022,5319,546,345,1465
Brandon Allen,CIN,QB,30,1,0,3,3,22,0,0,3,-1,-0.33,0,0,0,0,0.0,0,0,0,0,0,0,1,0.8,0.8,0.8,0,76,0,2022,6048,594,399,1528
Brian Hoyer,NE,QB,37,1,1,5,6,37,0,0,0,0,0.0,0,0,0,0,0.0,0,0,0,0,0,0,1,1.5,1.5,1.5,0,74,0,2022,5627,514,425,1812
Josh Johnson,SF,QB,36,2,0,1,2,10,0,0,2,3,1.5,0,0,0,0,0.0,0,0,0,0,0,0,1,0.7,0.7,0.7,0,77,0,2022,5161,426,253,1146
Kyle Trask,TB,QB,24,1,0,3,9,23,0,0,0,0,0.0,0,0,0,0,0.0,0,0,0,0,0,0,1,0.9,0.9,0.9,0,75,0,2022,6052,717,385,1306
Jacob Eason,CAR,QB,25,1,0,3,5,59,0,1,0,0,0.0,0,0,0,0,0.0,0,0,0,0,0,0,0,0.4,1.4,1.4,0,78,0,2022,3696,357,381,1763
Case Keenum,BUF,QB,34,2,0,2,7,8,0,0,5,0,0.0,0,0,0,0,0.0,0,0,0,0,0,0,0,0.3,0.3,0.3,0,79,0,2022,6435,526,407,2144
Nate Sudfeld,DET,QB,29,2,0,0,0,0,0,0,5,-4,-0.8,0,0,0,0,0.0,0,0,0,0,0,0,0,-0.4,-0.4,-0.4,0,81,0,2022,6562,519,478,2124
C.J. Beathard,JAX,QB,29,4,0,7,11,35,0,1,4,-4,-1.0,0,0,0,0,0.0,0,0,0,0,0,0,-1,-1.0,0.0,0.0,0,83,0,2022,5924,563,367,1776
Chad Henne,KC,QB,37,3,0,0,2,0,0,0,5,-5,-1.0,0,0,0,0,0.0,0,1,0,0,0,0,-1,-0.5,-0.5,-0.5,0,82,0,2022,7161,597,412,1911
Tim Boyle,CHI,QB,28,1,0,2,8,33,0,2,2,-2,-1.0,0,0,0,0,0.0,0,0,0,0,0,0,-3,-2.9,-0.9,-0.9,0,84,0,2022,5609,326,556,3011
