Player,PPR_prediction_2023,Pass_QB_def_norm,Rush_def_norm,OL_Rank,OL_top_10,Age_prev,Age_2yr_prev,G_prev,G_2yr_prev,GS_prev,GS_2yr_prev,Cmp_prev,Cmp_2yr_prev,Att_pass_prev,Att_pass_2yr_prev,Yds_pass_prev,Yds_pass_2yr_prev,TD_pass_prev,TD_pass_2yr_prev,Int_pass_prev,Int_pass_2yr_prev,Att_rush_prev,Att_rush_2yr_prev,Yds_rush_prev,Yds_rush_2yr_prev,Y/A_prev,Y/A_2yr_prev,TD_rush_prev,TD_rush_2yr_prev,Tgt_prev,Tgt_2yr_prev,Rec_prev,Rec_2yr_prev,Yds_rec_prev,Yds_rec_2yr_prev,Y/R_2yr_prev,TD_rec_prev,TD_rec_2yr_prev,Fmb_prev,Fmb_2yr_prev,FL_prev,FL_2yr_prev,TD_total_prev,TD_total_2yr_prev,2PM_prev,2PM_2yr_prev,FantPt_2yr_prev,PPR_prev,PPR_2yr_prev,VBD_2yr_prev,PosRank_prev,PosRank_2yr_prev,OvRank_2yr_prev,Team_Yds_prev,Team_Yds_2yr_prev,Team_Tgt_prev,Team_Tgt_2yr_prev,Team_Att_rush_prev,Team_Att_rush_2yr_prev,Team_Yds_rush_prev,Team_Yds_rush_2yr_prev,Yds_20_prev,Yds_20_2yr_prev,Yds_10_2yr_prev,Yds_20_rush_prev,Yds_20_rush_2yr_prev,Yds_10_rush_prev,Yds_10_rush_2yr_prev,Tgt_share_2yr_prev,Rush_share_prev,Rush_share_2yr_prev,qb_PPR_2yr_prev,Rk_prev,Rk_2yr_prev,TD_prev,TD_2yr_prev,1D_prev,1D_2yr_prev,YBC_prev,YBC_2yr_prev,YBC/Att_prev,YBC/Att_2yr_prev,YAC_prev,YAC_2yr_prev,YAC/Att_prev,YAC/Att_2yr_prev,BrkTkl_prev,BrkTkl_2yr_prev,Att/Br_prev,Att/Br_2yr_prev,Rk_rec_prev,Rk_rec_2yr_prev,1D_rec_prev,1D_rec_2yr_prev,YBC_rec_prev,YBC_rec_2yr_prev,YBC/R_prev,YBC/R_2yr_prev,YAC_rec_prev,YAC_rec_2yr_prev,YAC/R_prev,YAC/R_2yr_prev,ADOT_prev,ADOT_2yr_prev,BrkTkl_rec_prev,BrkTkl_rec_2yr_prev,Rec/Br_prev,Rec/Br_2yr_prev,Drop_prev,Drop_2yr_prev,Drop%_prev,Drop%_2yr_prev,Int_prev,Int_2yr_prev,Rat_prev,Rat_2yr_prev,OL_top_5,PosRank_historical_avg,PPR_historical_avg,Yds_rec_historical_avg,GS_historical_avg,Tgt_historical_avg,Tgt_share_historical_avg,Att_rush_historical_avg,Yds_rush_historical_avg
Melvin Gordon,231.04266666666663,-0.9909702119429712,-0.3076452031063646,16,0,29,28.0,10,16.0,6,16.0,0,0.0,0,0.0,0,0.0,0,0.0,0,0.0,90,203.0,318,918.0,3.53,4.52,2,8.0,32,38.0,25,28.0,223,213.0,7.61,0,2.0,5,3.0,2,3.0,2,10.0,0,0.0,167.0,87.1,195.1,20.0,55,17.0,54.0,5030,5881.0,484,514.0,242,455.0,1023,2025.0,14.0,42.0,19.0,18.0,91.0,8.0,34.0,0.07392996108949416,0.371900826446281,0.4461538461538462,202.7,54.0,15.0,2.0,8.0,15.0,48.0,168.0,462.0,1.9,2.3,150.0,456.0,1.7,2.2,5.0,20.0,18.0,10.2,169.0,170.0,11.0,9.0,17.0,27.0,0.7,1.0,206.0,186.0,8.2,6.6,0.7,0.3,1.0,4.0,25.0,7.0,3.0,3.0,9.4,7.9,0.0,0.0,95.7,104.4,0,12.25,235.70000000000002,355.0,12.25,62.0,0.11433010707037089,209.0,897.0
Derrick Henry,229.45355555555545,0.8854230887774469,-2.2765745029870854,28,0,28,27.0,16,8.0,16,8.0,2,1.0,2,1.0,4,5.0,1,1.0,0,0.0,349,219.0,1538,937.0,4.41,4.28,13,10.0,41,20.0,33,18.0,398,154.0,8.56,0,0.0,6,1.0,3,0.0,13,10.0,0,1.0,175.0,302.8,193.3,28.0,3,14.0,44.0,5333,6057.0,428,504.0,482,522.0,2106,2318.0,17.0,7.0,0.0,118.0,103.0,27.0,53.0,0.03968253968253968,0.7240663900414938,0.41954022988505746,268.4,1.0,10.0,13.0,10.0,65.0,49.0,739.0,450.0,2.1,2.1,799.0,487.0,2.3,2.2,35.0,10.0,10.0,21.9,133.0,233.0,11.0,7.0,12.0,-6.0,0.4,-0.3,386.0,160.0,11.7,8.9,0.1,-0.2,2.0,1.0,16.5,18.0,5.0,0.0,12.2,0.0,0.0,0.0,107.1,98.7,0,5.333333333333333,276.3666666666667,139.66666666666666,14.333333333333334,24.333333333333332,0.05541805355701764,298.6666666666667,1542.0
Miles Sanders,229.24099999999996,-2.304445522447262,0.348664563520542,2,1,25,24.0,17,12.0,15,12.0,0,0.0,0,0.0,0,0.0,0,0.0,0,0.0,259,137.0,1269,754.0,4.9,5.5,11,0.0,26,34.0,20,26.0,78,158.0,6.08,0,0.0,2,1.0,2,1.0,11,0.0,0,1.0,91.0,216.7,117.2,0.0,10,43.0,0.0,6873,6300.0,505,436.0,544,550.0,2509,2715.0,0.0,9.0,0.0,129.0,27.0,63.0,4.0,0.0779816513761468,0.47610294117647056,0.24909090909090909,312.2,8.0,37.0,11.0,0.0,62.0,33.0,837.0,471.0,3.2,3.4,432.0,283.0,1.7,2.1,13.0,12.0,19.9,11.4,202.0,181.0,2.0,6.0,-19.0,-69.0,-1.0,-2.7,97.0,227.0,4.9,8.7,0.9,-0.5,2.0,6.0,10.0,4.3,2.0,1.0,7.7,2.9,0.0,0.0,78.7,85.2,1,51.91666666666667,101.49583333333334,156.875,4.166666666666666,27.0,0.05143263175925131,90.25,441.5
Saquon Barkley,226.81333333333325,-0.2404128916548032,1.6612840967743572,23,0,25,24.0,16,13.0,16,13.0,0,0.0,0,0.0,0,0.0,0,0.0,0,0.0,295,162.0,1312,593.0,4.45,3.66,10,2.0,76,57.0,57,41.0,338,263.0,6.41,0,2.0,1,2.0,0,1.0,10,4.0,1,0.0,108.0,284.0,148.6,0.0,6,34.0,0.0,5930,5151.0,419,562.0,516,419.0,2499,1688.0,0.0,18.0,0.0,100.0,16.0,53.0,13.0,0.10142348754448399,0.5717054263565892,0.38663484486873506,167.5,4.0,26.0,10.0,2.0,62.0,27.0,749.0,314.0,2.5,1.9,563.0,279.0,1.9,1.7,12.0,4.0,24.6,40.5,60.0,104.0,10.0,13.0,-96.0,-35.0,-1.7,-0.9,434.0,298.0,7.6,7.3,-0.2,0.5,3.0,4.0,19.0,10.3,6.0,6.0,7.9,10.5,1.0,0.0,77.6,92.9,0,120.0,15.4,60.0,2.0,9.0,0.018218623481781375,19.0,34.0
Kareem Hunt,226.28753333333327,-0.2404128916548032,0.5674344857295122,1,1,27,26.0,17,8.0,0,1.0,0,0.0,0,0.0,0,0.0,0,0.0,0,0.0,123,78.0,468,386.0,3.8,4.95,3,5.0,44,27.0,35,22.0,210,174.0,7.91,1,0.0,1,0.0,0,0.0,4,5.0,0,1.0,88.0,126.8,110.0,0.0,41,46.0,0.0,6200,6076.0,495,465.0,532,482.0,2490,2457.0,8.0,10.0,0.0,59.0,31.0,32.0,21.0,0.05806451612903226,0.231203007518797,0.16182572614107885,180.9,41.0,62.0,3.0,5.0,30.0,22.0,233.0,165.0,1.9,2.1,235.0,221.0,1.9,2.8,6.0,9.0,20.5,8.7,126.0,210.0,11.0,10.0,-33.0,2.0,-0.9,0.1,243.0,172.0,6.9,7.8,-0.5,0.1,7.0,0.0,5.0,0.0,4.0,1.0,9.1,3.7,0.0,0.0,94.1,93.5,1,32.0,159.95,294.5,4.0,47.5,0.09771125286721248,120.5,510.0
Nick Chubb,226.1906666666666,-0.2404128916548032,0.5674344857295122,1,1,27,26.0,17,14.0,17,14.0,0,0.0,0,0.0,0,0.0,0,0.0,0,0.0,302,228.0,1525,1259.0,5.05,5.52,12,8.0,37,25.0,27,20.0,239,174.0,8.7,1,1.0,1,2.0,1,1.0,13,9.0,1,0.0,195.0,281.4,215.3,46.0,5,7.0,24.0,6200,6076.0,495,465.0,532,482.0,2490,2457.0,2.0,5.0,5.0,91.0,124.0,34.0,46.0,0.053763440860215055,0.5676691729323309,0.4730290456431535,180.9,3.0,8.0,12.0,8.0,69.0,61.0,830.0,567.0,2.7,2.5,695.0,692.0,2.3,3.0,28.0,23.0,10.8,9.9,160.0,218.0,12.0,9.0,-20.0,2.0,-0.7,0.1,259.0,172.0,9.6,8.6,0.0,1.0,3.0,4.0,9.0,5.0,4.0,0.0,10.8,0.0,0.0,0.0,98.8,109.0,1,9.0,207.7,150.0,12.0,18.0,0.038876889848812095,190.0,1067.0
Devin Singletary,226.01200000000003,-0.9909702119429712,-0.3076452031063646,8,1,25,24.0,16,17.0,16,16.0,0,0.0,0,0.0,0,0.0,0,0.0,0,0.0,177,188.0,819,870.0,4.63,4.63,5,7.0,52,50.0,38,40.0,280,228.0,5.7,1,1.0,3,5.0,3,0.0,6,8.0,0,0.0,158.0,177.9,197.8,11.0,25,19.0,66.0,6435,6659.0,526,622.0,407,461.0,2144,2209.0,15.0,19.0,3.0,83.0,139.0,35.0,37.0,0.08038585209003216,0.4348894348894349,0.4078091106290672,402.6,30.0,19.0,5.0,7.0,43.0,44.0,546.0,429.0,3.1,2.3,273.0,441.0,1.5,2.3,9.0,13.0,19.7,14.5,114.0,111.0,15.0,11.0,23.0,-13.0,0.6,-0.3,257.0,241.0,6.8,6.0,0.2,0.2,2.0,4.0,19.0,10.0,6.0,5.0,11.5,10.0,0.0,1.0,91.8,84.0,0,51.91666666666667,101.49583333333334,156.875,4.166666666666666,27.0,0.05143263175925131,90.25,441.5
Ezekiel Elliott,225.93999999999994,-0.8033308818709283,-0.0888752808973944,14,0,27,26.0,15,17.0,14,17.0,0,1.0,0,1.0,0,4.0,0,0.0,0,0.0,231,237.0,876,1002.0,3.79,4.23,12,10.0,23,65.0,17,47.0,92,287.0,6.11,0,2.0,0,1.0,0,1.0,12,12.0,0,3.0,205.0,185.8,252.1,56.0,17,6.0,22.0,6209,7082.0,545,636.0,530,473.0,2298,2119.0,3.0,41.0,22.0,97.0,124.0,53.0,27.0,0.10220125786163523,0.4358490566037736,0.5010570824524313,320.6,10.0,7.0,12.0,10.0,52.0,55.0,520.0,593.0,2.3,2.5,356.0,409.0,1.5,1.7,9.0,9.0,25.7,26.3,219.0,80.0,4.0,17.0,4.0,9.0,0.2,0.2,88.0,278.0,5.2,5.9,0.0,0.5,1.0,3.0,17.0,15.7,2.0,3.0,8.7,4.6,0.0,1.0,80.3,84.6,0,6.666666666666667,288.1666666666667,441.6666666666667,15.333333333333334,79.0,0.15526545214045215,283.0,1256.6666666666667
Mark Ingram,225.87199999999993,-1.3662488720870534,0.1298946413115738,18,0,33,32.0,10,14.0,3,10.0,0,0.0,0,0.0,0,0.0,0,0.0,0,0.0,62,160.0,233,554.0,3.76,3.46,1,2.0,18,35.0,16,27.0,68,162.0,6.0,0,0.0,2,1.0,2,1.0,1,2.0,1,0.0,82.0,50.1,108.6,0.0,74,54.0,0.0,5873,2203.0,487,508.0,448,490.0,1904,1565.0,11.0,5.0,0.0,15.0,49.0,7.0,16.0,0.0688976377952756,0.13839285714285715,0.32653061224489793,46.3,73.0,27.0,1.0,2.0,12.0,23.0,139.0,237.0,2.2,1.5,94.0,317.0,1.5,2.0,4.0,9.0,15.5,17.8,227.0,174.0,2.0,9.0,-10.0,-2.0,-0.6,-0.1,78.0,164.0,4.9,6.1,-0.9,0.0,1.0,2.0,16.0,13.5,0.0,0.0,0.0,0.0,0.0,0.0,82.4,85.7,0,28.25,178.975,220.75,10.5,33.75,0.06927261293493478,160.5,771.5
Jamaal Williams,224.81733333333332,1.6359804090656147,1.6612840967743572,4,1,27,26.0,17,13.0,9,11.0,0,0.0,0,0.0,0,0.0,0,0.0,0,0.0,262,153.0,1066,601.0,4.07,3.93,17,3.0,16,28.0,12,26.0,73,157.0,6.04,0,0.0,3,1.0,2,0.0,17,3.0,1,0.0,94.0,225.9,119.8,0.0,7,41.0,0.0,6562,5704.0,519,520.0,478,426.0,2124,1858.0,5.0,0.0,0.0,107.0,35.0,70.0,14.0,0.05384615384615385,0.5481171548117155,0.3591549295774648,194.5,7.0,29.0,17.0,3.0,65.0,42.0,626.0,382.0,2.4,2.5,440.0,219.0,1.7,1.4,13.0,10.0,20.2,15.3,265.0,184.0,4.0,6.0,8.0,1.0,0.7,0.0,65.0,156.0,5.4,6.0,1.8,0.4,2.0,1.0,6.0,26.0,3.0,1.0,18.8,3.6,0.0,0.0,83.6,90.0,1,37.0,136.7,244.5,2.5,40.0,0.0771440233978572,113.0,482.5
David Montgomery,224.4146666666666,2.3865377293537824,1.0049743301474503,32,0,25,24.0,16,13.0,16,13.0,0,0.0,0,1.0,0,0.0,0,0.0,0,1.0,201,225.0,801,849.0,3.99,3.77,5,7.0,40,51.0,34,42.0,316,301.0,7.17,1,0.0,2,1.0,2,1.0,6,7.0,0,0.0,153.0,177.7,195.0,7.0,21,20.0,69.0,5609,5620.0,326,509.0,556,470.0,3011,1985.0,15.0,38.0,11.0,115.0,76.0,56.0,33.0,0.10019646365422397,0.36151079136690645,0.4787234042553192,126.8,22.0,9.0,5.0,7.0,41.0,55.0,405.0,432.0,2.0,1.9,396.0,417.0,2.0,1.9,20.0,16.0,10.1,14.1,130.0,101.0,10.0,18.0,33.0,28.0,1.0,0.7,283.0,273.0,8.3,6.5,1.3,0.9,6.0,3.0,5.7,14.0,1.0,2.0,2.5,3.9,1.0,1.0,97.5,83.1,0,51.91666666666667,101.49583333333334,156.875,4.166666666666666,27.0,0.05143263175925131,90.25,441.5
Matt Breida,224.0732222222221,-0.2404128916548032,1.6612840967743572,23,0,27,26.0,17,9.0,1,0.0,0,0.0,0,0.0,0,0.0,0,0.0,0,0.0,54,26.0,220,125.0,4.07,4.81,1,1.0,25,9.0,20,7.0,118,72.0,10.29,0,2.0,0,1.0,0,1.0,1,3.0,0,0.0,36.0,59.8,42.7,0.0,71,82.0,0.0,5930,6659.0,419,622.0,516,461.0,2499,2209.0,0.0,24.0,0.0,32.0,18.0,8.0,3.0,0.014469453376205787,0.10465116279069768,0.05639913232104121,402.6,79.0,131.0,1.0,1.0,13.0,5.0,151.0,81.0,2.8,3.1,69.0,44.0,1.3,1.7,2.0,1.0,27.0,26.0,198.0,321.0,5.0,4.0,18.0,11.0,0.9,1.6,100.0,61.0,5.0,8.7,1.9,0.9,1.0,0.0,20.0,0.0,1.0,0.0,4.0,0.0,0.0,0.0,86.3,139.6,0,62.5,72.65,108.0,3.0,16.0,0.03588103527379699,91.0,438.5
Josh Jacobs,222.6322222222222,1.0730624188494895,0.1298946413115738,25,0,24,23.0,17,15.0,17,14.0,0,0.0,0,0.0,0,0.0,0,0.0,0,0.0,340,217.0,1653,872.0,4.86,4.02,12,9.0,64,64.0,53,54.0,400,348.0,6.44,0,0.0,3,2.0,1,2.0,12,9.0,0,0.0,172.0,328.3,226.0,24.0,1,16.0,47.0,6244,6415.0,558,579.0,427,411.0,2062,1607.0,7.0,6.0,1.0,110.0,120.0,35.0,41.0,0.11053540587219343,0.7962529274004684,0.5279805352798054,257.0,2.0,11.0,12.0,9.0,93.0,45.0,832.0,430.0,2.4,2.0,821.0,442.0,2.4,2.0,31.0,20.0,11.0,10.9,69.0,63.0,16.0,14.0,26.0,-43.0,0.5,-0.8,374.0,391.0,7.1,7.2,0.5,-0.4,2.0,9.0,26.5,6.0,4.0,5.0,6.3,7.8,0.0,1.0,92.7,82.8,0,51.91666666666667,101.49583333333334,156.875,4.166666666666666,27.0,0.05143263175925131,90.25,441.5
Latavius Murray,221.75897777777772,0.0,0.0,15,0,32,31.0,13,14.0,7,6.0,0,0.0,0,0.0,0,0.0,0,0.0,0,0.0,171,119.0,760,501.0,4.44,4.21,6,6.0,35,13.0,27,10.0,132,75.0,7.5,0,0.0,1,0.0,0,0.0,6,6.0,1,0.0,94.0,154.2,103.6,0.0,32,42.0,0.0,6488,6344.0,741,588.0,969,479.0,4290,2381.0,0.0,3.0,0.0,37.0,88.0,30.0,31.0,0.022108843537414966,0.17647058823529413,0.24843423799582465,240.0,32.0,47.0,6.0,6.0,44.0,36.0,478.0,291.0,2.8,2.4,282.0,210.0,1.6,1.8,5.0,10.0,34.2,11.9,163.0,295.0,4.0,2.0,-56.0,4.0,-2.1,0.4,188.0,71.0,7.0,7.1,-1.8,0.1,0.0,0.0,0.0,0.0,0.0,1.0,0.0,7.7,0.0,0.0,82.1,90.2,0,28.5,145.7,163.75,8.0,28.0,0.052140625837343184,162.0,678.25
Dalvin Cook,221.3293333333333,1.4483410789935736,0.1298946413115738,26,0,27,26.0,17,13.0,17,13.0,0,0.0,0,0.0,0,0.0,0,0.0,0,0.0,264,249.0,1173,1159.0,4.44,4.65,8,6.0,56,49.0,39,34.0,295,224.0,6.59,2,0.0,4,3.0,4,2.0,10,6.0,0,1.0,172.0,237.8,206.3,25.0,9,15.0,46.0,6466,6350.0,555,573.0,404,442.0,1661,1900.0,34.0,4.0,0.0,72.0,112.0,28.0,35.0,0.08551483420593368,0.6534653465346535,0.5633484162895928,300.3,6.0,5.0,8.0,6.0,50.0,57.0,692.0,678.0,2.6,2.7,481.0,481.0,1.8,1.9,12.0,16.0,22.0,15.6,107.0,134.0,16.0,9.0,-36.0,-54.0,-0.9,-1.6,331.0,278.0,8.5,8.2,-0.5,-1.6,4.0,3.0,9.8,11.3,5.0,6.0,8.9,12.2,0.0,0.0,94.0,79.0,0,4.0,315.1,440.0,14.0,58.5,0.12709867452135493,281.0,1346.0
Damien Harris,221.1682222222222,-0.8033308818709283,-0.745185047524303,17,0,25,24.0,11,15.0,9,15.0,0,0.0,0,0.0,0,0.0,0,0.0,0,0.0,106,202.0,462,929.0,4.36,4.6,3,15.0,23,21.0,17,18.0,97,132.0,7.33,0,0.0,0,2.0,0,2.0,3,15.0,0,0.0,192.0,90.9,210.1,43.0,49,8.0,28.0,5627,6249.0,514,524.0,425,489.0,1812,2151.0,3.0,3.0,0.0,39.0,149.0,19.0,78.0,0.04007633587786259,0.24941176470588236,0.4130879345603272,224.9,47.0,18.0,3.0,15.0,23.0,55.0,304.0,469.0,2.9,2.3,158.0,460.0,1.5,2.3,5.0,15.0,21.2,13.5,220.0,232.0,4.0,4.0,11.0,-2.0,0.6,-0.1,86.0,134.0,5.1,7.4,1.1,-0.3,3.0,1.0,5.7,18.0,2.0,0.0,8.7,0.0,1.0,0.0,63.1,92.9,0,51.91666666666667,101.49583333333334,156.875,4.166666666666666,27.0,0.05143263175925131,90.25,441.5
Austin Ekeler,220.9613333333333,0.1348657684892807,2.0988239411922955,7,1,27,26.0,17,16.0,17,16.0,0,0.0,0,0.0,0,0.0,0,0.0,0,0.0,204,206.0,915,911.0,4.49,4.42,13,12.0,127,94.0,107,70.0,722,647.0,9.24,5,8.0,5,4.0,3,3.0,18,20.0,0,2.0,274.0,372.7,343.8,120.0,4,2.0,5.0,6315,6829.0,687,658.0,404,420.0,1524,1815.0,65.0,135.0,12.0,165.0,156.0,58.0,55.0,0.14285714285714285,0.504950495049505,0.49047619047619045,380.8,20.0,14.0,13.0,12.0,46.0,53.0,529.0,477.0,2.6,2.3,386.0,434.0,1.9,2.1,5.0,13.0,40.8,15.8,5.0,37.0,36.0,31.0,-121.0,19.0,-1.1,0.3,843.0,628.0,7.9,9.0,-0.8,1.8,11.0,6.0,9.7,11.7,9.0,7.0,7.1,7.4,0.0,2.0,103.5,112.3,0,21.0,237.15,698.0,9.0,86.5,0.15156542738266138,124.0,543.5
Jeff Wilson,220.21120000000005,0.0,0.0,15,0,27,26.0,16,9.0,7,4.0,0,0.0,0,0.0,0,0.0,0,0.0,0,0.0,176,79.0,860,294.0,4.89,3.72,5,2.0,37,8.0,22,7.0,185,31.0,4.43,1,0.0,3,1.0,2,0.0,6,2.0,0,0.0,45.0,158.5,51.5,0.0,28,73.0,0.0,6488,6604.0,741,496.0,969,498.0,4290,2167.0,33.0,1.0,3.0,59.0,18.0,23.0,9.0,0.016129032258064516,0.18163054695562436,0.15863453815261044,227.5,31.0,61.0,5.0,2.0,43.0,19.0,582.0,195.0,3.3,2.5,278.0,99.0,1.6,1.3,9.0,2.0,19.6,39.5,189.0,331.0,7.0,1.0,49.0,-12.0,2.2,-1.7,136.0,43.0,6.2,6.1,2.6,-1.3,0.0,0.0,0.0,0.0,3.0,0.0,8.1,0.0,1.0,0.0,70.2,82.8,0,26.0,142.3,133.0,3.0,28.0,0.050724637681159424,126.0,600.0
Alexander Mattison,220.1531999999999,1.4483410789935736,0.1298946413115738,26,0,24,23.0,17,16.0,0,4.0,0,0.0,0,0.0,0,0.0,0,0.0,0,0.0,74,134.0,283,491.0,3.82,3.66,5,3.0,18,39.0,15,32.0,91,228.0,7.13,1,1.0,0,1.0,0,1.0,6,4.0,0,0.0,94.0,88.4,125.9,0.0,51,40.0,0.0,6466,6350.0,555,573.0,404,442.0,1661,1900.0,33.0,15.0,-3.0,46.0,69.0,32.0,30.0,0.06806282722513089,0.18316831683168316,0.3031674208144796,300.3,64.0,38.0,5.0,3.0,21.0,28.0,171.0,226.0,2.3,1.7,112.0,265.0,1.5,2.0,6.0,14.0,12.3,9.6,238.0,151.0,4.0,10.0,-30.0,-10.0,-2.0,-0.3,121.0,238.0,8.1,7.4,-1.8,0.1,2.0,8.0,7.5,4.0,2.0,1.0,11.1,2.6,0.0,0.0,106.2,99.6,0,51.91666666666667,101.49583333333334,156.875,4.166666666666666,27.0,0.05143263175925131,90.25,441.5
D'Onta Foreman,220.03918476190486,0.3225050985613218,-0.3076452031063646,22,0,26,25.0,17,9.0,9,3.0,0,0.0,0,0.0,0,0.0,0,0.0,0,0.0,203,133.0,914,566.0,4.5,4.26,5,3.0,9,11.0,5,9.0,26,123.0,13.67,0,0.0,1,2.0,0,1.0,5,3.0,1,0.0,85.0,131.0,93.9,0.0,33,49.0,0.0,3696,6057.0,357,504.0,381,522.0,1763,2318.0,-4.0,26.0,0.0,105.0,68.0,28.0,29.0,0.021825396825396824,0.5328083989501312,0.2547892720306513,268.4,0.0,0.0,0.0,0.0,0.0,0.0,0.0,0.0,0.0,0.0,0.0,0.0,0.0,0.0,0.0,0.0,0.0,0.0,0.0,0.0,0.0,0.0,0.0,0.0,0.0,0.0,0.0,0.0,0.0,0.0,0.0,0.0,0.0,0.0,0.0,0.0,0.0,0.0,0.0,0.0,0.0,0.0,0.0,0.0,0,104.0,17.0,5.0,0.0,1.0,0.0021413276231263384,22.0,95.0
Darrell Henderson,219.75199999999998,0.6977837587054058,-0.3076452031063646,13,0,25,24.0,10,12.0,7,10.0,0,0.0,0,0.0,0,0.0,0,0.0,0,0.0,70,149.0,283,688.0,4.04,4.62,3,5.0,22,40.0,17,29.0,102,176.0,6.07,0,3.0,0,0.0,0,0.0,3,8.0,0,0.0,134.0,73.5,163.4,0.0,58,26.0,0.0,4262,6569.0,516,539.0,396,417.0,1624,1678.0,7.0,26.0,9.0,30.0,73.0,25.0,25.0,0.07421150278293136,0.17676767676767677,0.35731414868105515,329.7,67.0,31.0,3.0,5.0,14.0,39.0,185.0,402.0,2.6,2.7,98.0,286.0,1.4,1.9,2.0,3.0,35.0,49.7,221.0,166.0,5.0,8.0,-8.0,-4.0,-0.5,-0.1,110.0,180.0,6.5,6.2,1.3,0.9,0.0,2.0,0.0,14.5,0.0,3.0,0.0,7.5,0.0,0.0,85.8,105.8,0,51.91666666666667,101.49583333333334,156.875,4.166666666666666,27.0,0.05143263175925131,90.25,441.5
James Conner,219.71733333333333,0.1348657684892807,0.1298946413115738,21,0,27,26.0,13,15.0,13,6.0,0,0.0,0,0.0,0,0.0,0,0.0,0,0.0,183,202.0,782,752.0,4.27,3.72,7,15.0,58,39.0,46,37.0,300,375.0,10.14,1,3.0,3,2.0,1,0.0,8,18.0,0,0.0,221.0,200.2,257.7,70.0,19,5.0,16.0,5536,6668.0,579,489.0,364,494.0,1574,2072.0,19.0,18.0,5.0,79.0,124.0,52.0,60.0,0.07975460122699386,0.5027472527472527,0.4089068825910931,300.5,28.0,17.0,7.0,15.0,48.0,53.0,444.0,331.0,2.4,1.6,338.0,421.0,1.8,2.1,5.0,19.0,36.6,10.6,88.0,123.0,13.0,18.0,-76.0,2.0,-1.7,0.1,376.0,373.0,8.2,10.1,-0.8,0.3,6.0,6.0,7.7,6.2,7.0,0.0,12.1,0.0,1.0,0.0,86.8,132.4,0,29.0,155.05,233.0,10.5,40.5,0.07553170651243828,142.5,592.5
Leonard Fournette,219.59733333333332,-0.9909702119429712,0.1298946413115738,5,1,27,26.0,16,14.0,9,13.0,0,0.0,1,1.0,0,0.0,0,0.0,1,0.0,189,180.0,668,812.0,3.53,4.51,3,8.0,83,84.0,73,69.0,523,454.0,6.58,3,2.0,0,1.0,0,0.0,6,10.0,0,0.0,187.0,226.1,255.6,38.0,20,11.0,34.0,6052,7037.0,717,712.0,385,377.0,1306,1654.0,52.0,39.0,12.0,44.0,112.0,25.0,61.0,0.11797752808988764,0.4909090909090909,0.47745358090185674,374.7,25.0,21.0,3.0,8.0,39.0,45.0,382.0,396.0,2.0,2.2,286.0,416.0,1.5,2.3,4.0,11.0,47.3,16.4,32.0,38.0,26.0,30.0,-40.0,5.0,-0.5,0.1,563.0,449.0,7.7,6.5,-0.6,0.8,13.0,6.0,5.6,11.5,4.0,6.0,4.8,7.1,0.0,2.0,105.0,87.2,1,26.0,195.7,377.5,9.0,73.5,0.12985355912640445,181.0,759.5
Justin Jackson,219.20919999999992,1.6359804090656147,1.6612840967743572,4,1,26,25.0,16,14.0,0,2.0,0,0.0,0,0.0,0,0.0,0,0.0,0,0.0,42,68.0,170,364.0,4.05,5.35,1,2.0,19,25.0,12,22.0,101,178.0,8.09,1,0.0,0,1.0,0,1.0,2,2.0,0,0.0,64.0,51.1,86.2,0.0,72,60.0,0.0,6562,6829.0,519,658.0,478,420.0,2124,1815.0,19.0,10.0,0.0,27.0,79.0,5.0,23.0,0.037993920972644375,0.08786610878661087,0.1619047619047619,380.8,92.0,69.0,1.0,2.0,8.0,18.0,90.0,257.0,2.1,3.8,80.0,107.0,1.9,1.6,3.0,0.0,14.0,0.0,262.0,211.0,7.0,8.0,-9.0,13.0,-0.8,0.6,110.0,165.0,9.2,7.5,1.0,0.8,1.0,1.0,12.0,22.0,3.0,2.0,15.8,8.0,0.0,0.0,94.4,96.3,1,72.0,65.3,173.0,4.0,24.0,0.0410958904109589,59.0,270.0
Alvin Kamara,219.1,-1.3662488720870534,0.1298946413115738,18,0,27,26.0,15,13.0,13,10.0,0,0.0,0,0.0,0,0.0,0,0.0,0,0.0,223,240.0,897,898.0,4.02,3.74,2,4.0,77,67.0,57,47.0,490,439.0,9.34,2,5.0,4,0.0,4,0.0,4,9.0,0,0.0,188.0,211.7,234.7,39.0,18,9.0,32.0,5873,5150.0,487,446.0,448,436.0,1904,1713.0,41.0,70.0,9.0,38.0,87.0,9.0,11.0,0.15022421524663676,0.49776785714285715,0.5504587155963303,121.7,12.0,6.0,2.0,4.0,40.0,42.0,450.0,549.0,2.0,2.3,447.0,349.0,2.0,1.5,7.0,22.0,31.9,10.9,64.0,82.0,17.0,20.0,25.0,7.0,0.4,0.1,465.0,432.0,8.2,9.2,0.9,1.2,4.0,3.0,14.3,15.7,5.0,9.0,6.5,13.4,0.0,0.0,98.9,112.7,0,9.0,313.15,644.5,9.5,102.0,0.19301839643462287,179.0,864.5
Jerick McKinnon,218.8069111111111,-0.9909702119429712,-0.0888752808973944,3,1,30,29.0,17,13.0,0,0.0,0,0.0,0,0.0,0,0.0,0,0.0,0,0.0,72,12.0,291,62.0,4.04,5.17,1,0.0,71,20.0,56,13.0,512,107.0,8.23,9,1.0,1,0.0,1,0.0,10,1.0,1,0.0,23.0,196.3,35.9,0.0,24,96.0,0.0,7161,6876.0,597,636.0,412,431.0,1911,1955.0,50.0,48.0,9.0,48.0,18.0,5.0,-1.0,0.031446540880503145,0.17475728155339806,0.027842227378190254,361.7,65.0,164.0,1.0,0.0,12.0,2.0,180.0,43.0,2.5,3.6,111.0,19.0,1.5,1.6,6.0,0.0,12.0,0.0,66.0,264.0,28.0,6.0,-29.0,-18.0,-0.5,-1.4,541.0,125.0,9.7,9.6,0.7,-0.5,4.0,2.0,14.0,6.5,4.0,1.0,5.6,5.0,1.0,0.0,130.4,95.2,1,32.0,152.15,337.0,2.5,57.0,0.10705128205128206,115.5,444.5
Raheem Mostert,217.62448888888892,-0.2404128916548032,-0.745185047524303,24,0,30,29.0,16,1.0,14,1.0,0,0.0,0,0.0,0,0.0,0,0.0,0,0.0,181,2.0,891,20.0,4.92,10.0,3,0.0,42,0.0,31,0.0,202,0.0,0.0,2,0.0,1,0.0,1,0.0,5,0.0,0,0.0,2.0,168.3,2.0,0.0,27,147.0,0.0,5939,6604.0,521,496.0,262,498.0,1174,2167.0,13.0,0.0,0.0,54.0,0.0,13.0,0.0,0.0,0.6908396946564885,0.004016064257028112,227.5,29.0,291.0,3.0,0.0,44.0,1.0,512.0,18.0,2.8,9.0,379.0,2.0,2.1,1.0,16.0,0.0,11.3,0.0,143.0,0.0,11.0,0.0,23.0,0.0,0.7,0.0,179.0,0.0,5.8,0.0,1.1,0.0,8.0,0.0,3.9,0.0,2.0,0.0,4.8,0.0,1.0,0.0,89.6,0.0,0,49.666666666666664,101.16666666666667,120.33333333333333,2.6666666666666665,16.0,0.033770947423035914,91.66666666666667,518.0
Joe Mixon,217.56955555555552,0.1348657684892807,-0.5264151253153329,15,0,26,25.0,14,16.0,14,16.0,0,0.0,0,0.0,0,0.0,0,0.0,0,0.0,210,292.0,814,1205.0,3.88,4.13,7,13.0,75,48.0,60,42.0,441,314.0,7.48,2,3.0,0,2.0,0,1.0,9,16.0,0,0.0,246.0,239.5,287.9,94.0,14,3.0,11.0,6048,6548.0,594,540.0,399,436.0,1528,1742.0,41.0,33.0,19.0,98.0,159.0,55.0,62.0,0.08888888888888889,0.5263157894736842,0.6697247706422018,314.2,17.0,3.0,7.0,13.0,47.0,60.0,505.0,662.0,2.4,2.3,309.0,543.0,1.5,1.9,8.0,20.0,26.3,14.6,53.0,100.0,17.0,11.0,-27.0,-4.0,-0.5,-0.1,468.0,318.0,7.8,7.6,-0.2,-0.2,6.0,3.0,10.0,14.0,3.0,2.0,4.0,4.2,0.0,0.0,100.1,114.8,0,30.0,162.5,212.5,10.5,35.5,0.06116853743843251,198.5,782.5
Aaron Jones,215.79999999999995,0.6977837587054058,1.2237442523564188,11,0,28,27.0,17,15.0,17,15.0,0,0.0,0,0.0,0,0.0,0,0.0,0,0.0,213,171.0,1121,799.0,5.26,4.67,2,4.0,72,65.0,59,52.0,395,391.0,7.52,5,6.0,5,2.0,3,1.0,7,10.0,1,0.0,177.0,248.6,229.0,29.0,11,13.0,42.0,6003,6426.0,509,570.0,455,446.0,2113,1900.0,34.0,66.0,19.0,91.0,91.0,17.0,32.0,0.11403508771929824,0.46813186813186813,0.3834080717488789,333.3,15.0,24.0,2.0,4.0,54.0,37.0,645.0,409.0,3.0,2.4,476.0,390.0,2.2,2.3,13.0,12.0,16.4,14.3,55.0,67.0,19.0,22.0,-52.0,-21.0,-0.9,-0.4,447.0,412.0,7.6,7.9,0.2,0.9,1.0,4.0,59.0,13.0,6.0,3.0,8.3,4.6,0.0,0.0,112.7,122.5,0,4.0,286.85,414.5,15.0,65.5,0.12666412016492343,218.5,1094.0
Royce Freeman,215.13342222222218,0.3225050985613218,1.442514174565387,29,0,26,25.0,4,15.0,1,0.0,0,0.0,0,0.0,0,0.0,0,0.0,0,0.0,41,56.0,117,169.0,2.85,3.02,0,0.0,8,16.0,6,10.0,33,77.0,7.7,0,0.0,1,0.0,1,0.0,0,0.0,0,0.0,25.0,19.0,34.6,0.0,109,94.0,0.0,5107,2203.0,528,508.0,392,490.0,1465,1565.0,0.0,0.0,0.0,11.0,16.0,6.0,0.0,0.031496062992125984,0.10459183673469388,0.11428571428571428,46.3,95.0,80.0,0.0,0.0,7.0,8.0,92.0,82.0,2.2,1.5,25.0,87.0,0.6,1.6,2.0,0.0,20.5,0.0,332.0,291.0,0.0,4.0,-6.0,2.0,-1.0,0.2,39.0,75.0,6.5,7.5,-0.8,-0.4,1.0,0.0,6.0,0.0,0.0,1.0,0.0,6.3,0.0,0.0,81.8,74.2,0,89.0,37.1,81.0,0.0,13.0,0.024390243902439025,35.0,170.0
Travis Homer,214.71508888888886,-0.052773561582762,1.0049743301474503,27,0,24,23.0,10,14.0,1,0.0,0,0.0,0,0.0,0,0.0,0,0.0,0,0.0,19,21.0,74,177.0,3.89,8.43,0,1.0,18,20.0,16,16.0,157,161.0,10.06,1,0.0,1,0.0,1,0.0,1,2.0,0,0.0,46.0,43.1,61.8,0.0,85,70.0,0.0,6326,5873.0,547,473.0,415,402.0,2044,2058.0,18.0,9.0,3.0,4.0,11.0,3.0,-2.0,0.042283298097251586,0.04578313253012048,0.05223880597014925,242.8,138.0,136.0,0.0,1.0,4.0,7.0,42.0,121.0,2.2,5.8,32.0,56.0,1.7,2.7,1.0,2.0,19.0,10.5,226.0,242.0,7.0,8.0,35.0,33.0,2.2,2.1,122.0,128.0,7.6,8.0,2.1,2.4,0.0,3.0,0.0,5.3,0.0,1.0,0.0,5.0,0.0,1.0,121.5,79.4,0,51.91666666666667,101.49583333333334,156.875,4.166666666666666,27.0,0.05143263175925131,90.25,441.5
Christian McCaffrey,214.25453333333334,0.0,0.0,15,0,26,25.0,17,7.0,16,7.0,1,0.0,1,0.0,34,0.0,1,0.0,0,0.0,244,99.0,1139,442.0,4.67,4.46,8,1.0,108,41.0,85,37.0,741,343.0,9.27,5,1.0,1,1.0,0,0.0,13,2.0,0,0.0,91.0,356.4,127.5,0.0,2,44.0,0.0,6488,5188.0,741,506.0,969,389.0,4290,1615.0,54.0,24.0,0.0,100.0,47.0,34.0,20.0,0.08102766798418973,0.2518059855521156,0.2544987146529563,157.3,9.0,54.0,8.0,1.0,59.0,20.0,683.0,218.0,2.8,2.2,456.0,224.0,1.9,2.3,10.0,12.0,24.4,8.3,17.0,125.0,36.0,21.0,46.0,85.0,0.5,2.3,695.0,258.0,8.2,7.0,1.2,2.2,8.0,6.0,10.6,6.2,6.0,0.0,5.6,0.0,1.0,0.0,106.8,109.7,0,26.0,280.8,577.0,9.5,80.5,0.13635989879822896,173.0,806.0
Tony Pollard,214.08455555555557,-0.8033308818709283,-0.0888752808973944,14,0,25,24.0,16,15.0,4,0.0,0,0.0,0,0.0,0,0.0,0,0.0,0,0.0,193,130.0,1007,719.0,5.22,5.53,9,2.0,55,46.0,39,39.0,371,337.0,8.64,3,0.0,0,2.0,0,0.0,12,3.0,0,0.0,124.0,248.8,162.6,0.0,8,29.0,0.0,6209,7082.0,545,636.0,530,473.0,2298,2119.0,25.0,37.0,0.0,99.0,50.0,23.0,14.0,0.07232704402515723,0.3641509433962264,0.2748414376321353,320.6,23.0,43.0,9.0,2.0,46.0,35.0,504.0,398.0,2.6,3.1,503.0,321.0,2.6,2.5,11.0,7.0,17.5,18.6,109.0,114.0,18.0,15.0,24.0,-4.0,0.6,-0.1,347.0,341.0,8.9,8.7,1.4,0.2,2.0,4.0,19.5,9.8,3.0,3.0,5.5,6.5,0.0,0.0,107.5,97.2,0,51.91666666666667,101.49583333333334,156.875,4.166666666666666,27.0,0.05143263175925131,90.25,441.5
Sony Michel,211.03853333333336,0.1348657684892807,2.0988239411922955,7,1,27,26.0,10,17.0,0,7.0,0,0.0,0,0.0,0,0.0,0,0.0,0,0.0,36,208.0,106,845.0,2.94,4.06,0,4.0,13,33.0,9,21.0,53,128.0,6.1,0,1.0,0,1.0,0,1.0,0,5.0,0,0.0,125.0,24.9,146.3,0.0,102,27.0,0.0,6315,6569.0,687,539.0,404,417.0,1524,1678.0,0.0,-1.0,3.0,8.0,99.0,0.0,44.0,0.061224489795918366,0.0891089108910891,0.4988009592326139,329.7,99.0,12.0,0.0,4.0,8.0,49.0,42.0,445.0,1.2,2.1,64.0,400.0,1.8,1.9,3.0,16.0,12.0,13.0,299.0,215.0,1.0,6.0,7.0,-5.0,0.8,-0.2,46.0,133.0,5.1,6.3,1.7,-0.4,0.0,3.0,0.0,7.0,2.0,3.0,15.4,9.1,1.0,1.0,44.7,68.7,0,56.0,75.3,114.0,6.0,9.0,0.021479713603818614,79.0,449.0
Nyheim Hines,210.7185333333333,0.0,0.0,15,0,26,25.0,16,17.0,5,4.0,0,0.0,0,0.0,0,0.0,0,0.0,0,0.0,24,56.0,33,276.0,1.38,4.93,1,2.0,37,57.0,30,40.0,241,310.0,7.75,1,1.0,2,3.0,0,2.0,4,3.0,0,0.0,73.0,81.4,112.6,0.0,62,56.0,0.0,6488,6128.0,741,501.0,969,499.0,4290,2540.0,45.0,28.0,8.0,3.0,23.0,3.0,11.0,0.11377245508982035,0.02476780185758514,0.11222444889779559,258.0,125.0,82.0,1.0,2.0,2.0,15.0,24.0,145.0,1.0,2.6,9.0,131.0,0.4,2.3,0.0,7.0,0.0,8.0,147.0,108.0,11.0,15.0,51.0,34.0,1.7,0.9,190.0,276.0,6.3,6.9,3.1,2.0,3.0,2.0,10.0,20.0,2.0,2.0,5.4,3.5,0.0,0.0,102.8,89.1,0,24.0,193.2,482.0,2.0,76.0,0.14205607476635515,89.0,380.0
Boston Scott,208.88311111111113,-2.304445522447262,0.348664563520542,2,1,27,26.0,15,16.0,2,4.0,0,0.0,0,0.0,0,0.0,0,0.0,0,0.0,54,87.0,217,373.0,4.02,4.29,3,7.0,6,16.0,5,13.0,15,83.0,6.38,0,0.0,0,1.0,0,1.0,3,7.0,0,0.0,86.0,46.2,98.6,0.0,68,47.0,0.0,6873,6300.0,505,436.0,544,550.0,2509,2715.0,0.0,0.0,0.0,34.0,52.0,16.0,28.0,0.03669724770642202,0.09926470588235294,0.15818181818181817,312.2,81.0,58.0,3.0,7.0,12.0,24.0,170.0,209.0,3.1,2.4,47.0,164.0,0.9,1.9,2.0,4.0,27.0,21.8,357.0,266.0,0.0,3.0,-5.0,-13.0,-1.0,-1.0,20.0,96.0,4.0,7.4,-1.7,-0.6,0.0,0.0,0.0,0.0,0.0,0.0,0.0,0.0,0.0,1.0,79.2,62.2,1,51.91666666666667,101.49583333333334,156.875,4.166666666666666,27.0,0.05143263175925131,90.25,441.5
Chase Edmonds,207.4158666666667,0.0,0.0,15,0,26,25.0,13,12.0,3,11.0,0,0.0,0,0.0,0,0.0,0,0.0,0,0.0,68,116.0,245,592.0,3.6,5.1,2,2.0,24,53.0,16,43.0,157,311.0,7.23,1,0.0,0,1.0,0,1.0,3,2.0,0,0.0,100.0,74.2,143.3,0.0,57,37.0,0.0,6488,6668.0,741,489.0,969,494.0,4290,2072.0,28.0,17.0,5.0,4.0,57.0,4.0,13.0,0.1083844580777096,0.07017543859649122,0.23481781376518218,300.5,69.0,49.0,2.0,2.0,8.0,32.0,154.0,414.0,2.3,3.6,91.0,178.0,1.3,1.5,0.0,5.0,0.0,23.2,225.0,92.0,7.0,11.0,44.0,-13.0,2.8,-0.3,113.0,324.0,7.1,7.5,2.1,0.6,4.0,2.0,4.0,21.5,4.0,3.0,16.7,5.7,0.0,0.0,98.8,91.1,0,30.0,168.0,402.0,2.0,67.0,0.12338858195211787,97.0,448.0
Samaje Perine,207.11642222222218,0.1348657684892807,-0.5264151253153329,15,0,27,26.0,16,16.0,2,0.0,0,0.0,0,0.0,0,0.0,0,0.0,0,0.0,95,55.0,394,246.0,4.15,4.47,2,1.0,51,31.0,38,27.0,287,196.0,7.26,4,1.0,0,0.0,0,0.0,6,2.0,0,0.0,56.0,142.1,83.2,0.0,38,63.0,0.0,6048,6548.0,594,540.0,399,436.0,1528,1742.0,33.0,33.0,4.0,35.0,10.0,15.0,1.0,0.05740740740740741,0.23809523809523808,0.12614678899082568,314.2,51.0,84.0,2.0,1.0,19.0,11.0,232.0,116.0,2.4,2.1,162.0,130.0,1.7,2.4,5.0,2.0,19.0,27.5,112.0,175.0,11.0,9.0,-34.0,-2.0,-0.9,-0.1,321.0,198.0,8.4,7.3,0.2,0.2,5.0,2.0,7.6,13.5,5.0,1.0,9.8,3.2,0.0,0.0,113.8,103.8,0,101.5,33.65,33.0,0.5,6.0,0.01060070671378092,34.0,158.5
Corey Clement,207.02299999999997,0.1348657684892807,0.1298946413115738,21,0,28,27.0,9,17.0,1,0.0,0,0.0,0,0.0,0,0.0,0,0.0,0,0.0,15,33.0,55,140.0,3.67,4.24,1,0.0,7,7.0,5,6.0,54,29.0,4.83,0,1.0,0,0.0,0,0.0,1,1.0,0,0.0,23.0,21.9,28.9,0.0,100,95.0,0.0,5536,7082.0,579,636.0,364,473.0,1574,2119.0,0.0,17.0,8.0,9.0,4.0,9.0,0.0,0.0110062893081761,0.04120879120879121,0.06976744186046512,320.6,154.0,119.0,1.0,0.0,6.0,7.0,41.0,65.0,2.7,2.0,14.0,75.0,0.9,2.3,0.0,3.0,0.0,11.0,348.0,334.0,3.0,1.0,-7.0,12.0,-1.4,2.0,61.0,17.0,12.2,2.8,-0.6,1.7,1.0,0.0,5.0,0.0,1.0,1.0,14.3,14.3,0.0,0.0,93.7,123.5,0,103.0,21.0,25.0,0.0,6.0,0.0106951871657754,21.0,75.0
Kenyan Drake,206.06511111111107,0.1348657684892807,-1.1827248919422404,6,1,28,27.0,12,12.0,5,2.0,0,0.0,0,0.0,0,0.0,0,0.0,0,0.0,109,63.0,482,254.0,4.42,4.03,4,2.0,26,40.0,17,30.0,89,291.0,9.7,1,1.0,1,1.0,0,0.0,5,3.0,0,0.0,73.0,104.1,102.5,0.0,43,57.0,0.0,5921,6415.0,460,579.0,525,411.0,2719,1607.0,29.0,25.0,0.0,41.0,59.0,17.0,8.0,0.0690846286701209,0.20761904761904762,0.15328467153284672,257.0,46.0,73.0,4.0,2.0,21.0,15.0,355.0,147.0,3.3,2.3,127.0,107.0,1.2,1.7,0.0,4.0,0.0,15.8,217.0,160.0,7.0,12.0,-36.0,32.0,-2.1,1.1,125.0,259.0,7.4,8.6,-0.5,1.8,2.0,5.0,8.5,6.0,4.0,0.0,15.4,0.0,1.0,0.0,67.6,103.2,0,17.0,204.19999999999996,319.6666666666667,10.0,57.333333333333336,0.11699142142687392,176.33333333333334,769.0
Rashaad Penny,205.92519999999996,-0.052773561582762,1.0049743301474503,27,0,26,25.0,5,10.0,5,6.0,0,0.0,0,0.0,0,0.0,0,0.0,0,0.0,57,119.0,346,749.0,6.07,6.29,2,6.0,5,8.0,4,6.0,16,48.0,8.0,0,0.0,1,0.0,0,0.0,2,6.0,0,0.0,116.0,52.2,121.7,0.0,65,31.0,0.0,6326,5873.0,547,473.0,415,402.0,2044,2058.0,4.0,0.0,0.0,5.0,47.0,1.0,24.0,0.016913319238900635,0.13734939759036144,0.2960199004975124,242.8,76.0,48.0,2.0,6.0,15.0,28.0,169.0,376.0,3.0,3.2,177.0,373.0,3.1,3.1,2.0,10.0,28.5,11.9,373.0,340.0,2.0,3.0,-12.0,-14.0,-3.0,-2.3,28.0,62.0,7.0,10.3,-2.4,-2.0,0.0,1.0,0.0,6.0,0.0,1.0,0.0,12.5,0.0,0.0,80.0,89.6,0,140.0,3.4,0.0,0.0,0.0,0.0,11.0,34.0
Brandon Bolden,205.5426666666667,1.0730624188494895,0.1298946413115738,25,0,32,31.0,16,17.0,0,1.0,0,0.0,0,0.0,0,0.0,0,0.0,0,0.0,17,44.0,66,226.0,3.88,5.14,0,1.0,9,49.0,9,41.0,57,405.0,9.88,1,2.0,0,1.0,0,0.0,1,3.0,0,1.0,83.0,27.3,124.1,0.0,97,51.0,0.0,6244,6249.0,558,524.0,427,489.0,2062,2151.0,18.0,74.0,4.0,7.0,23.0,4.0,3.0,0.09351145038167939,0.03981264637002342,0.08997955010224949,224.9,144.0,97.0,0.0,1.0,3.0,12.0,50.0,105.0,2.9,2.4,16.0,121.0,0.9,2.8,0.0,2.0,0.0,22.0,289.0,105.0,2.0,21.0,30.0,-11.0,3.3,-0.3,27.0,416.0,3.0,10.1,3.3,0.3,1.0,10.0,9.0,4.1,0.0,2.0,0.0,4.1,0.0,1.0,130.1,106.2,0,92.66666666666667,29.566666666666663,43.666666666666664,0.6666666666666666,6.0,0.01197846897035248,12.0,75.33333333333333
Dare Ogunbowale,205.42644444444437,0.3225050985613218,1.442514174565387,29,0,28,27.0,17,17.0,4,2.0,0,0.0,0,0.0,0,0.0,0,0.0,0,0.0,42,43.0,123,137.0,2.93,3.19,1,1.0,26,21.0,20,13.0,104,114.0,8.77,0,1.0,0,0.0,0,0.0,1,2.0,0,0.0,37.0,48.7,50.1,0.0,83,80.0,0.0,5107,5423.0,528,530.0,392,390.0,1465,1749.0,0.0,0.0,0.0,27.0,15.0,15.0,3.0,0.03962264150943396,0.10714285714285714,0.11025641025641025,199.0,93.0,99.0,1.0,1.0,10.0,5.0,87.0,71.0,2.1,1.7,36.0,66.0,0.9,1.5,0.0,0.0,0.0,0.0,201.0,265.0,5.0,3.0,-20.0,14.0,-1.0,1.1,124.0,100.0,6.2,7.7,-0.4,1.5,2.0,0.0,10.0,0.0,0.0,3.0,0.0,14.3,1.0,0.0,66.8,92.2,0,51.91666666666667,101.49583333333334,156.875,4.166666666666666,27.0,0.05143263175925131,90.25,441.5
Marlon Mack,204.83275555555548,0.0,0.0,15,0,26,25.0,8,6.0,0,0.0,0,0.0,0,0.0,0,0.0,0,0.0,0,0.0,16,28.0,84,101.0,5.25,3.61,1,0.0,10,5.0,8,2.0,99,8.0,4.0,1,0.0,0,0.0,0,0.0,2,0.0,0,0.0,11.0,38.3,12.9,0.0,78,119.0,0.0,6488,6128.0,741,501.0,969,499.0,4290,2540.0,0.0,0.0,0.0,3.0,11.0,3.0,0.0,0.00998003992015968,0.016511867905056758,0.056112224448897796,258.0,152.0,130.0,1.0,0.0,4.0,6.0,61.0,65.0,3.8,2.3,23.0,36.0,1.4,1.3,2.0,1.0,8.0,28.0,308.0,439.0,2.0,0.0,-15.0,4.0,-1.9,2.0,114.0,4.0,14.3,2.0,-1.6,3.2,1.0,0.0,8.0,0.0,0.0,0.0,0.0,0.0,0.0,0.0,141.2,47.9,0,75.0,94.95,56.0,6.5,10.0,0.021044081665396494,125.5,558.5
Ty Johnson,204.3293333333332,-1.3662488720870534,-0.5264151253153329,20,0,25,24.0,17,16.0,1,3.0,0,0.0,0,0.0,0,0.0,0,0.0,0,0.0,30,61.0,160,238.0,5.33,3.9,1,2.0,24,55.0,12,34.0,88,372.0,10.94,0,2.0,0,2.0,0,1.0,1,4.0,0,0.0,83.0,42.8,117.0,0.0,77,52.0,0.0,5622,5270.0,584,580.0,375,375.0,1599,1645.0,0.0,37.0,0.0,0.0,15.0,0.0,13.0,0.09482758620689655,0.08,0.16266666666666665,151.9,111.0,76.0,1.0,2.0,5.0,13.0,72.0,174.0,2.4,2.9,88.0,64.0,2.9,1.0,7.0,3.0,4.3,20.3,263.0,140.0,3.0,20.0,15.0,38.0,1.3,1.1,73.0,334.0,6.1,9.8,2.0,2.4,1.0,3.0,12.0,11.3,1.0,7.0,4.2,12.7,1.0,1.0,41.7,86.3,0,51.91666666666667,101.49583333333334,156.875,4.166666666666666,27.0,0.05143263175925131,90.25,441.5
Ameer Abdullah,204.17942222222226,1.0730624188494895,0.1298946413115738,25,0,29,28.0,17,17.0,0,1.0,0,0.0,0,0.0,0,0.0,0,0.0,0,0.0,4,51.0,20,166.0,5.0,3.25,0,0.0,32,53.0,25,38.0,211,289.0,7.61,1,1.0,0,0.0,0,0.0,1,1.0,0,0.0,52.0,54.1,89.5,0.0,81,66.0,0.0,6244,2203.0,558,508.0,427,490.0,2062,1565.0,48.0,11.0,0.0,3.0,16.0,3.0,-1.0,0.10433070866141732,0.00936768149882904,0.10408163265306122,46.3,237.0,90.0,0.0,0.0,2.0,8.0,13.0,86.0,3.3,1.7,7.0,80.0,1.8,1.6,0.0,3.0,0.0,17.0,167.0,116.0,8.0,13.0,16.0,-5.0,0.6,-0.1,195.0,294.0,7.8,7.7,3.0,0.8,2.0,5.0,12.5,7.6,1.0,2.0,3.1,3.8,0.0,1.0,104.6,83.0,0,91.5,49.4,84.0,2.75,17.25,0.033426110615744534,49.25,177.5
Jonathan Williams,199.38002222222224,-0.6156915517988871,-0.0888752808973944,12,0,28,27.0,13,5.0,2,0.0,0,0.0,0,0.0,0,0.0,0,0.0,0,0.0,37,17.0,152,79.0,4.11,4.65,0,1.0,10,6.0,7,4.0,40,28.0,7.0,0,0.0,0,0.0,0,0.0,0,1.0,0,0.0,17.0,26.2,20.7,0.0,95,106.0,0.0,5926,5807.0,531,534.0,538,477.0,2143,2061.0,0.0,0.0,0.0,5.0,11.0,-3.0,10.0,0.011235955056179775,0.0687732342007435,0.03563941299790356,222.9,98.0,147.0,0.0,1.0,6.0,7.0,62.0,26.0,1.7,1.5,90.0,53.0,2.4,3.1,1.0,2.0,37.0,8.5,328.0,391.0,2.0,2.0,2.0,-8.0,0.3,-2.0,38.0,36.0,5.4,9.0,-0.1,-2.3,0.0,0.0,0.0,0.0,2.0,0.0,20.0,0.0,0.0,1.0,77.1,37.5,0,119.0,22.5,40.0,0.5,4.5,0.009325202906556751,25.0,120.0
Tevin Coleman,199.34920000000005,-0.4280522217268443,-2.2765745029870854,9,1,29,28.0,5,11.0,0,5.0,0,0.0,0,0.0,0,0.0,0,0.0,0,0.0,12,84.0,26,356.0,2.17,4.24,1,0.0,3,16.0,3,11.0,44,49.0,4.45,1,0.0,0,0.0,0,0.0,2,0.0,0,0.0,41.0,22.0,51.5,0.0,96,77.0,0.0,5161,5270.0,426,580.0,253,375.0,1146,1645.0,9.0,24.0,12.0,3.0,44.0,3.0,18.0,0.027586206896551724,0.04743083003952569,0.224,151.9,167.0,60.0,1.0,0.0,2.0,19.0,13.0,166.0,1.1,2.0,13.0,190.0,1.1,2.3,0.0,6.0,0.0,14.0,382.0,278.0,2.0,2.0,24.0,-34.0,8.0,-3.1,20.0,83.0,6.7,7.5,8.0,-1.1,0.0,0.0,0.0,0.0,0.0,2.0,0.0,12.5,0.0,0.0,158.3,72.1,0,48.5,127.35,197.25,7.25,29.5,0.057487704149619324,122.0,506.25
J.D. McKissic,198.8357777777777,-0.6156915517988871,-0.0888752808973944,12,0,29,28.0,8,11.0,0,3.0,0,0.0,0,0.0,0,0.0,0,0.0,0,0.0,22,48.0,95,212.0,4.32,4.42,0,2.0,40,53.0,27,43.0,173,397.0,9.23,0,2.0,0,0.0,0,0.0,0,4.0,1,0.0,85.0,55.8,127.9,0.0,82,50.0,0.0,5926,5807.0,531,534.0,538,477.0,2143,2061.0,0.0,13.0,10.0,1.0,28.0,0.0,15.0,0.09925093632958802,0.040892193308550186,0.10062893081761007,222.9,131.0,93.0,0.0,2.0,5.0,14.0,64.0,123.0,2.9,2.6,31.0,89.0,1.4,1.9,1.0,1.0,22.0,48.0,162.0,93.0,7.0,15.0,21.0,17.0,0.8,0.4,152.0,380.0,5.6,8.8,1.3,0.5,2.0,0.0,13.5,0.0,1.0,0.0,2.5,0.0,2.0,1.0,55.5,102.6,0,51.91666666666667,101.49583333333334,156.875,4.166666666666666,27.0,0.05143263175925131,90.25,441.5
Patrick Ricard,197.27933333333334,0.1348657684892807,-1.1827248919422404,6,1,28,27.0,17,13.0,16,11.0,0,0.0,0,0.0,0,0.0,0,0.0,0,0.0,7,2.0,16,4.0,2.29,2.0,0,0.0,13,13.0,11,8.0,74,63.0,7.88,0,1.0,0,0.0,0,0.0,0,1.0,0,0.0,13.0,20.0,20.7,0.0,119,113.0,0.0,5921,6344.0,460,588.0,525,479.0,2719,2381.0,12.0,1.0,1.0,3.0,0.0,3.0,0.0,0.022108843537414966,0.013333333333333334,0.0041753653444676405,240.0,208.0,295.0,0.0,0.0,5.0,2.0,7.0,1.0,1.0,0.5,9.0,3.0,1.3,1.5,0.0,0.0,0.0,0.0,272.0,317.0,1.0,3.0,2.0,18.0,0.2,2.3,72.0,45.0,6.5,5.6,1.2,1.1,0.0,1.0,0.0,8.0,1.0,0.0,7.7,0.0,1.0,1.0,58.3,67.1,0,123.0,17.4,45.0,10.0,12.0,0.030927835051546393,1.0,-1.0
Derek Watt,196.02075555555558,0.6977837587054058,-0.5264151253153329,30,0,30,29.0,17,17.0,3,4.0,0,0.0,0,0.0,0,0.0,0,0.0,0,0.0,9,1.0,21,1.0,2.33,1.0,1,0.0,5,3.0,5,3.0,11,15.0,5.0,1,0.0,0,0.0,0,0.0,2,0.0,0,0.0,2.0,20.2,4.6,0.0,104,150.0,0.0,5674,5600.0,498,652.0,491,411.0,2014,1583.0,2.0,0.0,0.0,3.0,0.0,1.0,0.0,0.004601226993865031,0.018329938900203666,0.0024330900243309003,218.1,194.0,368.0,1.0,0.0,8.0,1.0,12.0,0.0,1.3,0.0,9.0,1.0,1.0,1.0,0.0,0.0,0.0,0.0,360.0,417.0,1.0,0.0,7.0,-1.0,1.4,-0.3,4.0,16.0,0.8,5.3,1.4,-0.3,0.0,0.0,0.0,0.0,0.0,0.0,0.0,0.0,0.0,0.0,118.7,87.5,0,125.0,7.75,17.0,3.5,3.0,0.005428639628191716,5.5,10.5
Mike Boone,195.0761888888889,-0.9909702119429712,-0.3076452031063646,16,0,27,26.0,9,8.0,0,0.0,0,0.0,0,0.0,0,0.0,0,0.0,0,0.0,24,4.0,102,35.0,4.25,8.75,0,0.0,15,2.0,9,2.0,96,22.0,11.0,0,0.0,0,0.0,0,0.0,0,0.0,0,0.0,6.0,28.8,7.7,0.0,94,130.0,0.0,5030,5881.0,484,514.0,242,455.0,1023,2025.0,2.0,0.0,0.0,1.0,0.0,0.0,0.0,0.0038910505836575876,0.09917355371900827,0.008791208791208791,202.7,122.0,228.0,0.0,0.0,6.0,2.0,69.0,27.0,2.9,6.8,33.0,8.0,1.4,2.0,3.0,0.0,8.0,0.0,290.0,426.0,2.0,1.0,15.0,-2.0,1.7,-1.0,81.0,24.0,9.0,12.0,3.0,-1.0,0.0,0.0,0.0,0.0,2.0,0.0,13.3,0.0,0.0,0.0,78.7,112.5,0,112.0,14.9,10.0,0.0,2.0,0.004123711340206186,11.0,59.0
Darrel Williams,194.636,0.1348657684892807,0.1298946413115738,21,0,27,26.0,6,17.0,0,7.0,0,0.0,0,0.0,0,0.0,0,0.0,0,0.0,21,144.0,102,558.0,4.86,3.88,1,6.0,8,57.0,4,47.0,9,452.0,9.62,0,2.0,0,0.0,0,0.0,1,8.0,0,0.0,149.0,21.1,196.0,3.0,99,22.0,72.0,5536,6876.0,579,636.0,364,431.0,1574,1955.0,0.0,20.0,12.0,8.0,54.0,1.0,37.0,0.08962264150943396,0.057692307692307696,0.33410672853828305,361.7,135.0,34.0,1.0,6.0,8.0,40.0,78.0,342.0,3.7,2.4,24.0,216.0,1.1,1.5,0.0,4.0,0.0,36.0,379.0,83.0,0.0,19.0,-6.0,17.0,-1.5,0.4,15.0,435.0,3.8,9.3,-3.0,1.4,0.0,4.0,0.0,11.8,1.0,1.0,12.5,1.8,0.0,0.0,56.2,111.4,0,79.0,54.5,116.0,0.0,26.0,0.043993231810490696,39.0,169.0
David Johnson,194.56933333333333,-1.3662488720870534,0.1298946413115738,18,0,31,30.0,5,13.0,0,4.0,0,0.0,0,0.0,0,0.0,0,0.0,0,0.0,12,67.0,24,228.0,2.0,3.4,0,0.0,4,42.0,4,32.0,47,225.0,7.03,0,1.0,1,1.0,1,1.0,0,1.0,0,0.0,49.0,9.1,81.3,0.0,132,67.0,0.0,5873,4529.0,487,475.0,448,241.0,1904,899.0,0.0,15.0,10.0,4.0,5.0,0.0,2.0,0.08842105263157894,0.026785714285714284,0.27800829875518673,157.0,170.0,71.0,0.0,0.0,0.0,7.0,6.0,109.0,0.5,1.6,18.0,119.0,1.5,1.8,0.0,4.0,0.0,16.8,368.0,150.0,3.0,11.0,1.0,34.0,0.3,1.1,46.0,191.0,11.5,6.0,0.3,2.3,0.0,1.0,0.0,32.0,0.0,1.0,0.0,2.4,0.0,1.0,115.6,85.9,0,37.8,197.68,415.2,10.8,59.6,0.1168097804655884,160.6,647.6
Malcolm Brown,192.99453333333332,0.6977837587054058,-0.3076452031063646,13,0,29,28.0,11,7.0,0,3.0,0,0.0,0,0.0,0,0.0,0,0.0,0,0.0,18,33.0,81,125.0,4.5,3.79,1,1.0,6,5.0,5,3.0,37,10.0,3.33,0,0.0,0,0.0,0,0.0,1,1.0,0,0.0,20.0,22.8,22.5,0.0,98,101.0,0.0,4262,5384.0,516,595.0,396,402.0,1624,1448.0,3.0,4.0,0.0,1.0,10.0,-2.0,9.0,0.008403361344537815,0.045454545454545456,0.08208955223880597,180.9,141.0,118.0,1.0,1.0,3.0,6.0,62.0,70.0,3.4,2.1,19.0,55.0,1.1,1.7,2.0,3.0,9.0,11.0,346.0,394.0,2.0,0.0,0.0,2.0,0.0,0.7,37.0,8.0,7.4,2.7,-0.3,-0.4,0.0,0.0,0.0,0.0,0.0,0.0,0.0,0.0,0.0,0.0,92.4,64.6,0,66.5,63.125,70.75,0.5,14.25,0.02580804211673126,69.0,283.0
C.J. Ham,190.05675555555558,1.4483410789935736,0.1298946413115738,26,0,29,28.0,17,17.0,4,8.0,0,0.0,0,0.0,0,0.0,0,0.0,0,0.0,4,7.0,7,34.0,1.75,4.86,2,0.0,12,18.0,10,17.0,86,125.0,7.35,0,0.0,0,0.0,0,0.0,2,0.0,0,0.0,16.0,31.3,32.9,0.0,91,107.0,0.0,6466,6350.0,555,573.0,404,442.0,1661,1900.0,7.0,9.0,0.0,4.0,1.0,4.0,1.0,0.031413612565445025,0.009900990099009901,0.01583710407239819,300.3,242.0,202.0,2.0,0.0,3.0,3.0,5.0,23.0,1.3,3.3,2.0,11.0,0.5,1.6,0.0,0.0,0.0,0.0,280.0,238.0,7.0,6.0,30.0,64.0,3.0,3.8,56.0,61.0,5.6,3.6,5.2,3.7,1.0,1.0,10.0,17.0,1.0,0.0,8.3,0.0,0.0,0.0,96.5,95.6,0,95.0,31.55,123.0,9.0,19.5,0.042880519905556726,6.0,17.5
Mike Davis,189.57986666666667,0.1348657684892807,-1.1827248919422404,6,1,29,28.0,8,17.0,0,8.0,0,0.0,0,0.0,0,0.0,0,0.0,0,0.0,8,138.0,18,503.0,2.25,3.64,0,3.0,2,58.0,2,44.0,4,259.0,5.89,0,1.0,1,4.0,0,3.0,0,4.0,0,0.0,94.0,4.2,138.2,0.0,142,39.0,0.0,5921,5334.0,460,551.0,525,365.0,2719,1347.0,0.0,5.0,7.0,4.0,76.0,1.0,28.0,0.10526315789473684,0.015238095238095238,0.3780821917808219,222.9,196.0,36.0,0.0,3.0,1.0,21.0,13.0,272.0,1.6,2.0,5.0,231.0,0.6,1.7,1.0,9.0,8.0,15.3,413.0,91.0,0.0,12.0,-7.0,-47.0,-3.5,-1.1,11.0,306.0,5.5,7.0,-3.5,-0.9,0.0,10.0,0.0,4.4,0.0,2.0,0.0,3.4,0.0,0.0,79.2,89.7,0,63.25,101.825,185.0,5.25,34.5,0.07174747735073479,89.5,355.75
Jordan Wilkins,189.1369555555556,-0.052773561582762,-0.745185047524303,10,1,28,26.0,4,15.0,0,0.0,0,0.0,0,0.0,0,0.0,0,0.0,0,0.0,13,84.0,58,308.0,4.46,3.67,0,1.0,8,16.0,6,12.0,29,105.0,8.75,0,0.0,0,0.0,0,0.0,0,1.0,0,1.0,49.0,14.7,61.3,0.0,121,69.0,0.0,5319,6182.0,546,535.0,345,459.0,1465,1996.0,6.0,4.0,0.0,5.0,15.0,0.0,1.0,0.029906542056074768,0.03768115942028986,0.1830065359477124,240.0,164.0,62.0,0.0,1.0,2.0,17.0,41.0,148.0,3.2,1.8,17.0,160.0,1.3,1.9,0.0,10.0,0.0,8.4,342.0,280.0,1.0,3.0,-15.0,-38.0,-2.5,-3.2,44.0,143.0,7.3,11.9,-2.3,-0.8,1.0,1.0,6.0,12.0,1.0,1.0,12.5,6.3,0.0,0.0,79.7,91.9,0,51.91666666666667,101.49583333333334,156.875,4.166666666666666,27.0,0.05143263175925131,90.25,441.5
Kyle Juszczyk,187.32520000000002,-0.4280522217268443,-2.2765745029870854,9,1,31,30.0,16,17.0,12,16.0,0,0.0,0,0.0,0,0.0,0,0.0,0,0.0,7,8.0,26,22.0,3.71,2.75,1,1.0,23,38.0,19,30.0,200,296.0,9.87,1,1.0,0,0.0,0,0.0,2,2.0,0,0.0,44.0,53.6,73.8,0.0,73,74.0,0.0,5161,6604.0,426,496.0,253,498.0,1146,2167.0,3.0,28.0,0.0,22.0,12.0,1.0,12.0,0.07661290322580645,0.02766798418972332,0.01606425702811245,227.5,204.0,190.0,1.0,1.0,5.0,3.0,12.0,14.0,1.7,1.8,14.0,8.0,2.0,1.0,0.0,0.0,0.0,0.0,207.0,161.0,9.0,16.0,51.0,145.0,2.7,4.8,149.0,151.0,7.8,5.0,2.7,7.2,2.0,3.0,9.5,10.0,1.0,0.0,4.3,0.0,0.0,0.0,117.4,107.9,0,74.75,67.3,270.0,12.75,34.0,0.06682059749517238,8.75,33.0
D'Ernest Johnson,185.3695466666667,-0.2404128916548032,0.5674344857295122,1,1,26,25.0,15,17.0,0,2.0,0,0.0,0,0.0,0,0.0,0,0.0,0,0.0,4,100.0,17,534.0,4.25,5.34,0,3.0,3,25.0,3,19.0,7,137.0,7.21,0,0.0,0,1.0,0,0.0,0,3.0,0,0.0,85.0,5.4,104.1,0.0,141,48.0,0.0,6200,6076.0,495,465.0,532,482.0,2490,2457.0,0.0,6.0,0.0,4.0,61.0,0.0,27.0,0.053763440860215055,0.007518796992481203,0.2074688796680498,180.9,0.0,0.0,0.0,0.0,0.0,0.0,0.0,0.0,0.0,0.0,0.0,0.0,0.0,0.0,0.0,0.0,0.0,0.0,0.0,0.0,0.0,0.0,0.0,0.0,0.0,0.0,0.0,0.0,0.0,0.0,0.0,0.0,0.0,0.0,0.0,0.0,0.0,0.0,0.0,0.0,0.0,0.0,0.0,0.0,1,51.91666666666667,101.49583333333334,156.875,4.166666666666666,27.0,0.05143263175925131,90.25,441.5
Rex Burkhead,185.07053333333326,0.3225050985613218,1.442514174565387,29,0,32,31.0,16,16.0,0,5.0,0,0.0,1,1.0,0,0.0,0,0.0,0,0.0,26,122.0,80,427.0,3.08,3.5,0,3.0,51,32.0,37,25.0,204,186.0,7.44,1,0.0,0,1.0,0,0.0,2,3.0,0,0.0,79.0,77.4,104.3,0.0,70,55.0,0.0,5107,4529.0,528,475.0,392,241.0,1465,899.0,30.0,10.0,0.0,0.0,29.0,0.0,17.0,0.06736842105263158,0.0663265306122449,0.5062240663900415,157.0,119.0,45.0,0.0,3.0,4.0,30.0,49.0,210.0,1.9,1.7,31.0,217.0,1.2,1.8,2.0,2.0,13.0,61.0,116.0,185.0,8.0,9.0,0.0,45.0,0.0,1.8,204.0,141.0,5.5,5.6,1.3,1.6,1.0,1.0,37.0,25.0,1.0,0.0,2.0,0.0,1.0,0.0,77.6,90.9,0,53.75,97.05,214.0,2.0,31.75,0.06456674818107846,63.25,256.5
Alec Ingold,185.01586666666662,-0.2404128916548032,-0.745185047524303,24,0,26,25.0,17,9.0,14,3.0,0,0.0,0,0.0,0,0.0,0,0.0,0,0.0,6,2.0,8,1.0,1.33,0.5,1,0.0,23,12.0,15,10.0,105,85.0,8.5,1,1.0,0,0.0,0,0.0,2,1.0,0,0.0,15.0,38.3,24.6,0.0,88,110.0,0.0,5939,6415.0,521,579.0,262,411.0,1174,1607.0,15.0,1.0,1.0,1.0,0.0,1.0,0.0,0.02072538860103627,0.022900763358778626,0.004866180048661801,257.0,214.0,278.0,1.0,0.0,5.0,1.0,3.0,1.0,0.5,0.5,5.0,0.0,0.8,0.0,0.0,0.0,0.0,0.0,236.0,293.0,4.0,4.0,12.0,39.0,0.8,3.9,93.0,46.0,6.2,4.6,2.3,4.7,3.0,1.0,5.0,10.0,5.0,1.0,21.7,8.3,0.0,0.0,89.9,124.0,0,51.91666666666667,101.49583333333334,156.875,4.166666666666666,27.0,0.05143263175925131,90.25,441.5
Benny Snell Jr.,181.79844444444447,0.6977837587054058,-0.5264151253153329,30,0,24,23.0,17,17.0,0,0.0,0,0.0,0,0.0,0,0.0,0,0.0,0,0.0,20,36.0,90,98.0,4.5,2.72,1,0.0,2,4.0,2,2.0,17,13.0,6.5,0,0.0,0,0.0,0,0.0,1,0.0,0,0.0,11.0,18.7,13.1,0.0,101,118.0,0.0,5674,5600.0,498,652.0,491,411.0,2014,1583.0,0.0,0.0,0.0,0.0,0.0,0.0,0.0,0.006134969325153374,0.04073319755600815,0.08759124087591241,218.1,137.0,114.0,1.0,0.0,6.0,3.0,54.0,56.0,2.7,1.6,36.0,42.0,1.8,1.2,0.0,3.0,0.0,12.0,434.0,452.0,1.0,0.0,-1.0,-7.0,-0.5,-3.5,18.0,20.0,9.0,10.0,-0.5,-1.0,1.0,0.0,2.0,0.0,0.0,2.0,0.0,50.0,0.0,0.0,102.1,57.3,0,51.91666666666667,101.49583333333334,156.875,4.166666666666666,27.0,0.05143263175925131,90.25,441.5
Dwayne Washington,179.6418555555556,-1.3662488720870534,0.1298946413115738,18,0,28,27.0,12,14.0,0,0.0,0,0.0,0,0.0,0,0.0,0,0.0,0,0.0,11,4.0,38,16.0,3.45,4.0,0,0.0,1,2.0,1,2.0,7,12.0,6.0,0,0.0,0,0.0,0,0.0,0,0.0,0,0.0,3.0,5.5,4.8,0.0,135,139.0,0.0,5873,5150.0,487,446.0,448,436.0,1904,1713.0,0.0,0.0,0.0,3.0,0.0,0.0,0.0,0.004484304932735426,0.024553571428571428,0.009174311926605505,121.7,171.0,236.0,0.0,0.0,2.0,0.0,17.0,5.0,1.5,1.3,21.0,11.0,1.9,2.8,1.0,0.0,11.0,0.0,481.0,461.0,0.0,0.0,1.0,2.0,1.0,1.0,6.0,10.0,6.0,5.0,1.0,1.0,0.0,0.0,0.0,0.0,0.0,0.0,0.0,0.0,0.0,0.0,95.8,91.7,0,120.33333333333333,8.166666666666666,2.0,0.0,0.3333333333333333,0.0006027727546714888,14.333333333333334,76.33333333333333
Myles Gaskin,178.81795555555556,-0.2404128916548032,-0.745185047524303,24,0,25,24.0,4,17.0,0,10.0,0,0.0,0,0.0,0,0.0,0,0.0,0,0.0,10,173.0,26,612.0,2.6,3.54,0,3.0,6,63.0,4,49.0,28,234.0,4.78,0,4.0,0,2.0,0,1.0,0,7.0,0,0.0,125.0,9.4,173.6,0.0,127,28.0,0.0,5939,5384.0,521,595.0,262,402.0,1174,1448.0,2.0,20.0,19.0,0.0,73.0,0.0,49.0,0.10588235294117647,0.03816793893129771,0.43034825870646765,180.9,172.0,22.0,0.0,3.0,2.0,25.0,14.0,364.0,1.4,2.1,12.0,248.0,1.2,1.4,0.0,7.0,0.0,24.7,365.0,74.0,0.0,13.0,8.0,-16.0,2.0,-0.3,20.0,250.0,5.0,5.1,2.8,0.5,1.0,6.0,4.0,8.2,0.0,3.0,0.0,4.8,0.0,0.0,77.1,103.3,0,51.91666666666667,101.49583333333334,156.875,4.166666666666666,27.0,0.05143263175925131,90.25,441.5
Gus Edwards,177.6745333333333,0.1348657684892807,-1.1827248919422404,6,1,27,25.0,9,16.0,4,6.0,0,0.0,0,0.0,0,0.0,0,0.0,0,0.0,87,144.0,433,723.0,4.98,5.02,3,6.0,2,13.0,0,9.0,0,129.0,14.33,0,0.0,1,1.0,1,1.0,3,6.0,0,0.0,119.0,59.3,128.2,0.0,56,28.0,0.0,5921,5975.0,460,388.0,525,554.0,2719,3071.0,0.0,2.0,0.0,17.0,75.0,17.0,33.0,0.03350515463917526,0.1657142857142857,0.259927797833935,332.8,56.0,29.0,3.0,6.0,30.0,45.0,248.0,334.0,2.9,2.3,185.0,389.0,2.1,2.7,6.0,11.0,14.5,13.1,496.0,303.0,0.0,4.0,0.0,36.0,0.0,4.0,0.0,93.0,0.0,10.3,3.0,3.8,0.0,2.0,0.0,4.5,0.0,0.0,0.0,0.0,0.0,0.0,39.6,101.1,0,51.91666666666667,101.49583333333334,156.875,4.166666666666666,27.0,0.05143263175925131,90.25,441.5
Michael Burton,177.21931111111115,-0.9909702119429712,-0.0888752808973944,3,1,30,29.0,17,16.0,0,0.0,0,0.0,0,0.0,0,0.0,0,0.0,0,0.0,5,8.0,7,26.0,1.4,3.25,0,1.0,3,3.0,2,3.0,11,31.0,10.33,0,0.0,0,0.0,0,0.0,0,1.0,0,0.0,12.0,3.8,14.7,0.0,146,116.0,0.0,7161,6876.0,597,636.0,412,431.0,1911,1955.0,0.0,0.0,0.0,2.0,15.0,0.0,12.0,0.0047169811320754715,0.012135922330097087,0.018561484918793503,361.7,223.0,186.0,0.0,1.0,2.0,8.0,4.0,11.0,0.8,1.4,3.0,15.0,0.6,1.9,0.0,0.0,0.0,0.0,408.0,395.0,0.0,2.0,3.0,-5.0,1.5,-1.7,8.0,36.0,4.0,12.0,-0.7,-1.7,0.0,0.0,0.0,0.0,1.0,0.0,33.3,0.0,0.0,0.0,72.9,109.7,1,136.0,8.6,28.0,4.0,4.0,0.007874015748031496,7.0,18.0
Dontrell Hilliard,177.13586666666671,0.8854230887774469,-2.2765745029870854,28,0,27,26.0,12,8.0,1,5.0,0,0.0,0,0.0,0,0.0,0,0.0,0,0.0,22,56.0,145,350.0,6.59,6.25,0,2.0,26,26.0,21,19.0,177,87.0,4.58,4,0.0,0,2.0,0,1.0,4,2.0,0,0.0,54.0,77.2,72.7,0.0,59,65.0,0.0,5333,6057.0,428,504.0,482,522.0,2106,2318.0,46.0,22.0,4.0,0.0,4.0,0.0,1.0,0.051587301587301584,0.04564315352697095,0.10727969348659004,268.4,130.0,81.0,0.0,2.0,4.0,15.0,109.0,214.0,5.0,3.8,36.0,136.0,1.6,2.4,0.0,4.0,0.0,14.0,191.0,227.0,8.0,7.0,26.0,-21.0,1.2,-1.1,151.0,108.0,7.2,5.7,1.5,-0.9,0.0,0.0,0.0,0.0,3.0,3.0,11.5,11.5,0.0,1.0,134.6,60.9,0,134.0,6.0,2.0,0.0,1.0,0.006211180124223602,9.0,48.0
Ronald Jones II,176.68133333333336,-0.9909702119429712,-0.0888752808973944,3,1,25,24.0,6,16.0,0,3.0,0,0.0,0,0.0,0,0.0,0,0.0,0,0.0,17,101.0,70,428.0,4.12,4.24,1,4.0,1,13.0,1,10.0,22,64.0,6.4,0,0.0,0,2.0,0,2.0,1,4.0,0,0.0,69.0,16.2,79.2,0.0,103,58.0,0.0,7161,7037.0,597,712.0,412,377.0,1911,1654.0,0.0,0.0,0.0,0.0,0.0,0.0,0.0,0.018258426966292134,0.0412621359223301,0.26790450928381965,374.7,146.0,52.0,1.0,4.0,4.0,25.0,47.0,242.0,2.8,2.4,23.0,186.0,1.4,1.8,1.0,5.0,17.0,20.2,466.0,294.0,1.0,2.0,-1.0,-13.0,-1.0,-1.3,23.0,77.0,23.0,7.7,-1.0,-1.2,0.0,1.0,0.0,10.0,0.0,1.0,0.0,7.7,0.0,0.0,118.7,86.7,1,15.0,186.3,165.0,13.0,42.0,0.06930693069306931,192.0,978.0
Phillip Lindsay,175.3850444444445,-0.052773561582762,-0.745185047524303,10,1,28,27.0,3,14.0,0,1.0,0,0.0,0,0.0,0,0.0,0,0.0,0,0.0,15,88.0,49,249.0,3.27,2.83,0,1.0,8,5.0,6,4.0,19,45.0,11.25,0,1.0,0,0.0,0,0.0,0,2.0,1,0.0,41.0,14.8,45.4,0.0,120,76.0,0.0,5319,2203.0,546,508.0,345,490.0,1465,1565.0,0.0,0.0,0.0,0.0,16.0,0.0,4.0,0.00984251968503937,0.043478260869565216,0.17959183673469387,46.3,155.0,56.0,0.0,1.0,1.0,11.0,30.0,168.0,2.0,1.9,19.0,81.0,1.3,0.9,0.0,1.0,0.0,88.0,336.0,379.0,0.0,1.0,8.0,-8.0,1.3,-2.0,11.0,53.0,1.8,13.3,2.1,-2.2,1.0,0.0,6.0,0.0,0.0,1.0,0.0,20.0,0.0,0.0,77.1,143.7,0,61.0,66.0,28.0,8.0,14.0,0.02626641651031895,118.0,502.0
Giovani Bernard,174.7440222222223,-0.9909702119429712,0.1298946413115738,5,1,31,30.0,8,12.0,0,0.0,0,0.0,0,0.0,0,0.0,0,0.0,0,0.0,8,8.0,28,58.0,3.5,7.25,0,0.0,2,29.0,2,23.0,-1,123.0,5.35,0,3.0,1,1.0,0,0.0,0,3.0,0,0.0,36.0,4.7,59.1,0.0,140,81.0,0.0,6052,7037.0,717,712.0,385,377.0,1306,1654.0,0.0,23.0,23.0,5.0,1.0,4.0,2.0,0.04073033707865169,0.02077922077922078,0.021220159151193633,374.7,195.0,185.0,0.0,0.0,0.0,3.0,26.0,37.0,3.3,4.6,2.0,21.0,0.3,2.6,0.0,0.0,0.0,0.0,404.0,203.0,0.0,8.0,-8.0,-11.0,-4.0,-0.5,7.0,134.0,3.5,5.8,-4.0,1.0,0.0,1.0,0.0,23.0,0.0,1.0,0.0,3.4,0.0,0.0,79.2,118.8,1,51.5,118.525,299.0,4.5,52.5,0.09809632192471929,84.5,313.75
Keith Smith,164.22960000000006,1.2607017489215309,-0.0888752808973944,31,0,30,29.0,17,17.0,6,8.0,0,0.0,0,0.0,0,0.0,0,0.0,0,0.0,1,9.0,2,31.0,2.0,3.44,0,0.0,2,10.0,1,9.0,8,56.0,6.22,0,0.0,0,0.0,0,0.0,0,0.0,0,0.0,9.0,2.0,17.7,0.0,151,125.0,0.0,5645,5334.0,400,551.0,559,365.0,2718,1347.0,0.0,0.0,0.0,0.0,0.0,0.0,0.0,0.018148820326678767,0.0017889087656529517,0.024657534246575342,222.9,358.0,183.0,0.0,0.0,1.0,3.0,0.0,19.0,0.0,2.1,2.0,12.0,2.0,1.3,0.0,0.0,0.0,0.0,475.0,309.0,0.0,3.0,0.0,18.0,0.0,2.0,8.0,38.0,8.0,4.2,1.0,2.1,0.0,2.0,0.0,4.5,0.0,1.0,0.0,10.0,0.0,0.0,60.4,90.0,0,51.91666666666667,101.49583333333334,156.875,4.166666666666666,27.0,0.05143263175925131,90.25,441.5
Jakob Johnson,158.40122962962968,1.0730624188494895,0.1298946413115738,25,0,28,27.0,17,17.0,9,6.0,0,0.0,0,0.0,0,0.0,0,0.0,0,0.0,0,0.0,0,0.0,0.0,0.0,0,0.0,6,5.0,5,4.0,10,43.0,10.75,0,0.0,0,0.0,0,0.0,0,0.0,0,0.0,4.0,6.0,8.3,0.0,150,136.0,0.0,6244,6249.0,558,524.0,427,489.0,2062,2151.0,0.0,2.0,2.0,0.0,0.0,0.0,0.0,0.009541984732824428,0.0,0.0,224.9,0.0,0.0,0.0,0.0,0.0,0.0,0.0,0.0,0.0,0.0,0.0,0.0,0.0,0.0,0.0,0.0,0.0,0.0,352.0,378.0,0.0,2.0,3.0,9.0,0.6,2.3,7.0,34.0,1.4,8.5,1.2,2.0,1.0,1.0,5.0,4.0,0.0,0.0,0.0,0.0,0.0,0.0,79.2,102.5,0,51.91666666666667,101.49583333333334,156.875,4.166666666666666,27.0,0.05143263175925131,90.25,441.5
Duke Johnson,155.14075555555567,-0.9909702119429712,-0.3076452031063646,8,1,29,28.0,1,5.0,0,4.0,0,0.0,0,0.0,0,0.0,0,0.0,0,0.0,2,71.0,4,330.0,2.0,4.65,0,3.0,0,5.0,0,4.0,0,41.0,10.25,0,0.0,0,0.0,0,0.0,0,3.0,0,0.0,55.0,0.4,59.1,0.0,159,64.0,0.0,6435,5384.0,526,595.0,407,402.0,2144,1448.0,0.0,0.0,0.0,4.0,13.0,0.0,9.0,0.008403361344537815,0.004914004914004914,0.17661691542288557,180.9,298.0,66.0,0.0,3.0,1.0,18.0,1.0,128.0,0.5,1.8,3.0,202.0,1.5,2.8,0.0,6.0,0.0,11.8,0.0,377.0,0.0,3.0,0.0,-10.0,0.0,-2.5,0.0,51.0,0.0,12.8,0.0,-1.6,0.0,2.0,0.0,2.0,0.0,1.0,0.0,20.0,0.0,0.0,0.0,100.8,0,42.25,146.625,445.25,2.25,63.0,0.11921119548371722,70.5,298.5
Devine Ozigbo,154.51270787878792,-0.9909702119429712,-0.3076452031063646,16,0,26,25.0,4,3.0,0,0.0,0,0.0,0,0.0,0,0.0,0,0.0,0,0.0,3,1.0,4,-3.0,1.33,-3.0,0,0.0,1,1.0,1,1.0,3,7.0,7.0,0,0.0,0,0.0,0,0.0,0,0.0,0,0.0,0.0,1.7,1.4,0.0,156,163.0,0.0,5030,2203.0,484,508.0,242,490.0,1023,1565.0,0.0,0.0,0.0,0.0,0.0,0.0,0.0,0.001968503937007874,0.012396694214876033,0.0020408163265306124,46.3,273.0,350.0,0.0,0.0,0.0,0.0,2.0,-3.0,0.7,-3.0,2.0,0.0,0.7,0.0,0.0,0.0,0.0,0.0,471.0,495.0,0.0,1.0,-4.0,4.0,-4.0,4.0,7.0,3.0,7.0,3.0,-4.0,4.0,0.0,0.0,0.0,0.0,0.0,0.0,0.0,0.0,0.0,0.0,79.2,95.8,0,51.91666666666667,101.49583333333334,156.875,4.166666666666666,27.0,0.05143263175925131,90.25,441.5
Damien Williams,132.02075151515163,1.2607017489215309,-0.0888752808973944,31,0,30,29.0,1,12.0,1,2.0,0,0.0,0,0.0,0,0.0,0,0.0,0,0.0,2,40.0,2,164.0,1.0,4.1,0,2.0,0,23.0,0,16.0,0,103.0,6.44,0,1.0,0,0.0,0,0.0,0,3.0,0,0.0,45.0,0.2,60.7,0.0,161,72.0,0.0,5645,5620.0,400,509.0,559,470.0,2718,1985.0,0.0,6.0,0.0,0.0,23.0,0.0,8.0,0.04518664047151277,0.0035778175313059034,0.0851063829787234,126.8,316.0,107.0,0.0,2.0,0.0,11.0,0.0,121.0,0.0,3.0,2.0,43.0,1.0,1.1,0.0,4.0,0.0,10.0,0.0,246.0,0.0,3.0,0.0,-6.0,0.0,-0.4,0.0,109.0,0.0,6.8,0.0,1.8,0.0,3.0,0.0,5.3,0.0,0.0,0.0,0.0,0.0,0.0,0.0,93.2,0,52.333333333333336,99.76666666666665,176.0,4.333333333333333,29.666666666666668,0.053249957595355224,69.0,311.6666666666667
Reggie Bonnafon,130.1644444444445,-0.6156915517988871,-0.0888752808973944,12,0,26,25.0,1,4.0,0,0.0,0,0.0,0,0.0,0,0.0,0,0.0,0,0.0,3,1.0,8,4.0,2.67,4.0,0,0.0,0,2.0,0,2.0,0,12.0,6.0,0,0.0,0,0.0,0,0.0,0,0.0,0,0.0,2.0,0.8,3.6,0.0,153,149.0,0.0,5926,5188.0,531,506.0,538,389.0,2143,1615.0,0.0,6.0,0.0,0.0,0.0,0.0,0.0,0.003952569169960474,0.0055762081784386614,0.002570694087403599,157.3,263.0,309.0,0.0,0.0,0.0,0.0,5.0,4.0,1.7,4.0,3.0,0.0,1.0,0.0,0.0,0.0,0.0,0.0,0.0,425.0,0.0,1.0,0.0,3.0,0.0,1.5,0.0,9.0,0.0,4.5,0.0,1.5,0.0,0.0,0.0,0.0,0.0,0.0,0.0,0.0,0.0,0.0,0.0,91.7,0,51.91666666666667,101.49583333333334,156.875,4.166666666666666,27.0,0.05143263175925131,90.25,441.5
Jordan Howard,128.26867711901633,-1.3662488720870534,0.1298946413115738,18,0,28,27.0,2,7.0,0,0.0,0,0.0,0,0.0,0,0.0,0,0.0,0,0.0,1,86.0,1,406.0,1.0,4.72,0,3.0,0,5.0,0,2.0,0,19.0,9.5,0,0.0,0,0.0,0,0.0,0,3.0,0,0.0,61.0,0.1,62.5,0.0,162,61.0,0.0,5873,6300.0,487,436.0,448,550.0,1904,2715.0,0.0,9.0,0.0,0.0,73.0,0.0,36.0,0.011467889908256881,0.002232142857142857,0.15636363636363637,312.2,344.0,59.0,0.0,3.0,0.0,24.0,0.0,208.0,0.0,2.4,1.0,198.0,1.0,2.3,0.0,7.0,0.0,12.3,0.0,434.0,0.0,2.0,0.0,5.0,0.0,2.5,0.0,14.0,0.0,7.0,0.0,1.8,0.0,0.0,0.0,0.0,0.0,1.0,0.0,20.0,0.0,0.0,0.0,51.2,0,47.333333333333336,107.36666666666667,70.33333333333333,7.666666666666667,13.666666666666666,0.027599581911248432,134.66666666666666,506.6666666666667
Nick Bellore,114.28061946475631,-0.052773561582762,1.0049743301474503,27,0,33,32.0,16,17.0,0,0.0,0,0.0,0,0.0,0,0.0,0,0.0,0,0.0,1,0.0,3,0.0,3.0,0.0,0,0.0,0,1.0,0,1.0,0,4.0,4.0,0,0.0,0,0.0,0,0.0,0,0.0,0,0.0,0.0,0.3,1.4,0.0,160,162.0,0.0,6326,5873.0,547,473.0,415,402.0,2044,2058.0,0.0,0.0,0.0,0.0,0.0,0.0,0.0,0.0021141649048625794,0.0024096385542168677,0.0,242.8,323.0,0.0,0.0,0.0,0.0,0.0,1.0,0.0,1.0,0.0,2.0,0.0,2.0,0.0,0.0,0.0,0.0,0.0,0.0,467.0,0.0,0.0,0.0,0.0,0.0,0.0,0.0,4.0,0.0,4.0,0.0,0.0,0.0,0.0,0.0,0.0,0.0,0.0,0.0,0.0,0.0,0.0,0.0,83.3,0,130.5,6.3500000000000005,16.0,0.5,1.5,0.0030275347551620346,0.5,2.5
