Player,PPR_prediction_2023,PosRank_prev,Tgt_share_2yr_prev,Yds_rec_prev,YBC_prev,Tgt_2yr_prev,FantPt_2yr_prev,YAC_prev,Rec_prev,PPR_prev,VBD_2yr_prev,Yds_rec_historical_avg,Tgt_share_historical_avg,PosRank_2yr_prev,GS_prev,Tgt_prev,Tgt_historical_avg,Yds_rec_2yr_prev,PPR_historical_avg,Yds_20_prev,1D_prev,Rec_2yr_prev,TD_total_prev,Rk_prev,PosRank_historical_avg,Rush_def_norm,Age_2yr_prev,TD_total_2yr_prev,ADOT_prev,Y/R_2yr_prev,Team_Att_rush_2yr_prev,TD_rec_prev,Team_Yds_rush_2yr_prev,Yds_10_2yr_prev,Team_Yds_2yr_prev,PPR_2yr_prev,Team_Tgt_2yr_prev,Yds_20_2yr_prev,Team_Att_rush_prev
Travis Kelce,225.41368000240954,-1.6993588320084492,2.613635548959889,4.2734067477874484,4.4950966631336415,3.299995764891125,3.8167434025228015,5.5269222426231615,4.000043429515307,4.428269737213725,5.542767972376817,3.3658489552204616,2.711841059150171,-0.898621652959979,2.054093718546091,3.698677237384119,2.8278347934595276,3.6059448298243684,3.150846588544382,3.5840373118261124,5.83554029361498,3.3520115014862317,4.527985297252274,-0.9599019290996427,-1.6036319642481318,-0.12674169563058285,1.1528013236795285,3.87395491351974,0.748039975931254,0.9148490099997991,0.7730746015393348,4.611231630307901,0.8736950191276172,5.1506336969973185,1.09523700661033,3.673784153800171,1.1109519726541974,3.9741589624639673,-0.02953658067945637
T.J. Hockenson,185.1759451108963,-1.6079541824594838,1.8229601850307686,2.6289908829545316,3.17596173959959,1.7817952863107303,1.5042058373871112,3.199182197222821,2.91293733644213,2.709760443041168,-0.22822088258574724,0.9651697923972918,1.2944946112309876,-0.4970526999363004,1.4666796700224427,2.9882328562907947,1.2883185989319685,1.52071587823934,1.0241109082243731,1.8265219085216384,3.0201909639516145,1.9658953021877312,1.8588049172071766,-0.8851990135036498,-1.039832911992988,-0.021584747302866424,0.5175300674420613,1.1580990655891372,0.8471927866609205,0.4428557158741675,0.7482141347089227,1.9030639486931997,0.7642450812976953,2.223111196496783,0.6755999683375423,1.6971951146160213,0.6566407110067836,1.5837038001479489,7.297837931880693
Mark Andrews,182.84794020162494,-1.577485965943162,3.4100840627923565,2.3691421495964997,3.8613223423295717,3.876911946751675,4.428103908248329,1.6790254328797418,2.32408820269416,2.2856684566695455,7.258467361690012,1.567100550747193,1.8042070692385113,-0.9273051496045275,1.6624843528636588,2.4940106781389173,1.246284027067735,4.513904299518218,1.6020125869378,1.8693881378705282,3.3514085321473046,4.0227128882435705,1.4139415205329937,-0.7918203690086588,-1.4252873660857903,-1.4209810596640062,0.6763478815014281,3.4213122721979734,1.3925332456740855,1.0014695021801585,1.0117350831112912,1.4517026684240828,1.354372065679645,5.7605342179349295,0.9047532998175629,4.318068070402324,0.9229611057656124,3.5395307511337823,1.456986435333644
George Kittle,144.5745433314121,-1.6688906154921275,2.2730057437683326,2.0511183266806996,2.2326697272400446,2.0854353820268092,2.6471841741783146,2.999661621902792,1.7352390689461892,2.455986523485458,2.345328201384045,2.3089481928199174,1.8693561505801344,-0.8412546596708821,1.6624843528636588,1.6600107525076238,1.6745112279346155,2.778778363789717,1.890100886475538,1.4835920737305217,2.3577558275602346,2.413029560025957,4.0831219005780905,-0.6610902667156714,-1.2900906545756283,-2.7152204236974287,0.8351656955607948,2.0633843482326717,0.5993107598367545,1.0191471536455379,1.1062048570668572,4.159870350038784,1.1129051925290958,1.3692504671841272,0.9978468407313213,2.5837163262330822,0.5626452775624912,2.4094974016753006,-2.1211928598483323
Dallas Goedert,137.2780082103705,-1.4251448833615532,2.0284326828502093,1.806782950538073,1.488353373737591,1.538883209737867,2.168728126219206,3.360698853434273,1.5087586328892775,1.4460003872670968,1.0195604914602125,0.7474501563983913,0.6847932736496591,-0.7265206730926882,1.0750703043400105,1.1348996882212536,0.8259383084253976,2.470995492707056,0.8372272807797327,0.6691337161016191,2.6889733957559248,1.7423281732686184,0.5242147271846279,-0.555261136288015,-1.1031164790828512,0.3909540499827841,0.6763478815014281,1.1580990655891372,0.500157949107088,1.3727001829531271,1.3647537121031432,0.5489801078858491,1.7312409237744273,0.8813300504340379,0.8889990082783115,2.028589191823917,0.3276566939517599,1.6271666212809675,1.7069327831588557
Cole Kmet,127.12141060866512,-1.5165495329105185,2.163542408538122,1.1940053405295803,1.311486121420176,2.055071372455201,0.892845331661584,2.087567563296944,1.2822781968323655,1.5498944080248038,-0.22822088258574724,-0.19514779710273053,-0.018388622688181294,-0.3249517200690096,2.054093718546091,1.1348996882212536,0.15338515859765858,1.6322871690068046,-0.11444165282297529,1.783655679172749,1.6125162991199318,1.9211818764039086,2.3036683138813596,-0.4992339495910203,-0.1941343336102724,1.167497668402839,0.3587122533826945,-0.6524714996979321,0.6488871652015877,0.5559926852525958,0.9669862428165493,2.3544252289623167,0.9075455153636754,-0.5824311998162297,0.6455235935807896,1.2917840861535699,0.6135594706781495,0.9317614831526712,1.8647936344168838
David Njoku,126.3521300264319,-1.3337402338125877,1.0579159979676511,1.5197858420530828,1.5473091245100625,0.8405109895908852,1.1852351387477058,2.581618511708445,1.6446468945234245,1.45962583261237,-0.22822088258574724,0.09973423930166256,0.23507280541883646,-0.3823187133581065,1.4666796700224427,1.4746774357006696,0.24008146306764058,1.1052090022777477,0.13569489467985127,2.9410438715927683,2.3577558275602346,0.8480596575921667,0.9690781238588109,-0.6112883229850096,-0.3667258802189899,0.64980192278947,0.5969389744717447,1.1580990655891372,0.5993107598367545,1.0845544640674418,1.0266513632095384,1.0003413881549659,1.440126656144326,-0.2164908872536628,0.8087953422603043,1.0630044186394894,0.4412345093636133,0.7144473774875786,1.5490719319008273
Evan Engram,123.40395055850276,-1.5470177494268402,1.3139187463008806,2.054996665984551,1.628373281822211,1.4477911810230433,0.7865217654484488,3.788242943405764,2.32408820269416,2.054035885799905,-0.22822088258574724,1.1956964658078924,1.4072309846918918,-0.29626822342446113,1.4666796700224427,2.030677386121532,1.572051959015546,0.847440847746019,1.189287283558136,0.19760519326383333,2.109342651413467,1.2951939154303926,0.9690781238588109,-0.7855951260423261,-1.2037948812712695,-0.6444374412439523,0.7557567885311115,0.7054564242673698,0.5497343544719213,0.320879920763049,0.7134094811463457,1.0003413881549659,0.5724256026266983,1.1252902588090825,0.477597167855587,0.9772120433217093,0.8211327195342955,-0.024420581773736138,-0.6215147728970627
Dalton Schultz,117.55941977887431,-1.3946766668452313,1.8548673601499552,1.3219905375566705,2.158975038774455,2.389075477742888,2.75350774039145,1.3084872215711163,1.5993508073120422,1.4715480972894837,2.657273544895535,-0.18490216717337055,-0.2008615573550573,-0.8699381563154305,1.6624843528636588,1.7526774109111007,-0.0988222725877436,2.386355203159324,-0.19667044889861723,1.7407894498238592,1.6125162991199318,2.726023540512715,1.4139415205329937,-0.5739368651870131,0.6227989870043238,-0.12674169563058285,0.5969389744717447,2.968669630876206,0.7728281786136707,0.5842769275972031,0.9819025229147966,1.4517026684240828,1.0587443985514025,2.7110316132468726,1.1689957351804616,2.765394297494264,1.1109519726541974,2.452960222808319,1.5227617900244892
Noah Fant,107.12065830785608,-1.181399151230979,2.041065727624455,0.9690616609062095,1.3630724033460888,1.9639793437403776,1.690272078260098,1.4700038777825684,1.2822781968323655,1.1292087829894997,-0.22822088258574724,1.2437228561017675,1.4447604299845291,-0.5831031898699458,1.858289035704875,0.9495663714142994,1.2725556344828808,1.8554297505417339,1.0612001204403096,0.28333765196161254,1.3641031229731642,2.278889282674489,0.9690781238588109,-0.505459192557353,-1.177906149279962,1.167497668402839,0.5175300674420613,1.1580990655891372,0.574522557154338,0.49412090512376783,0.892404842325313,1.0003413881549659,0.9526795103450865,0.8813300504340379,0.7389751865749855,1.927656985567705,0.6331418526457105,1.4533153367488933,0.009928632135050719
Isaiah Likely,106.5606603980286,-0.9376534191004046,-0.775529027724481,0.5308093195710217,1.0461852429440541,-0.7687815177043332,-0.7285890530887276,0.8049352933824715,0.6481329758730128,0.5961132338556937,-0.22822088258574724,-0.3033672632315958,-0.3789874721735897,-0.9559886462490759,-0.8829765240721507,0.8568997130108224,-0.32475809635799974,-0.722251794775552,-0.24094749293934734,0.7548661747993982,0.8672767706796289,-0.7616236706254461,0.5242147271846279,-0.22532325907238,-0.03995255197315141,-1.4209810596640062,-1.38828370127034,-0.6524714996979321,0.6736753678840043,-1.2471277642161092,-1.3698976392421895,0.5489801078858491,-1.3322289855888483,-0.5824311998162297,-1.3667290984781415,-0.747046480221911,-1.3799270136195538,-0.6329000776359953,1.456986435333644
Kyle Pitts,104.63486877506878,-0.7243759034861521,2.4358092958776334,0.464877551405551,1.1051409937165255,2.5712595351725356,2.168728126219206,0.5674107989538654,0.285764278181954,0.32871386895471105,1.0195604914602125,-0.3033672632315958,-0.3789874721735897,-0.6978371764481397,0.6834609386575783,0.8260108268763301,-0.32475809635799974,3.225063526859575,-0.24094749293934734,-0.4025220176206212,1.032885554777474,2.278889282674489,0.07935133051044509,-0.01366499821706702,-0.03995255197315141,-0.12674169563058285,0.27930334635301113,-0.1998288583761648,2.408849555653166,1.4204298419096515,0.44491643937789493,0.09761882761673209,0.18765829541016907,1.3692504671841272,0.5431206985756554,2.2237247905859263,0.7780514792056614,0.410207629556449,1.904258847231391
Gerald Everett,104.28105602786471,-1.303272017296266,1.366988504991264,1.2366670728719436,1.0977715248699667,1.1441510853069643,1.1320733556411382,2.467606754382714,1.6446468945234245,1.417046315908392,-0.22822088258574724,0.20539229794818778,0.2668882403837044,-0.3536352167135581,0.8792656214987944,1.690899638642116,0.3740666608848855,1.1167508599433476,0.20038538110299606,1.783655679172749,1.7781250832177768,1.3846207669980377,0.9690781238588109,-0.6175135659513423,-0.7119089734364248,2.4617370324362615,0.7557567885311115,1.1580990655891372,0.37621693569500503,0.5135663217356854,0.6288838939229445,1.0003413881549659,0.9899150562047506,1.3692504671841272,0.7361107699314853,1.2345891692750497,0.4725663205117108,0.0625050604923009,-0.1347771481848086
Pat Freiermuth,103.51992040648959,-1.3642084503289096,1.1735276634087655,1.9231331296536096,2.6600989203404635,1.6299752384526907,1.7168529698133816,2.1350724621826656,1.8711273305803362,1.5652230340382356,-0.22822088258574724,-0.3033672632315958,-0.3789874721735897,-0.6117866865144943,0.291851572975146,2.030677386121532,-0.32475809635799974,1.1898492918254795,-0.24094749293934734,0.32620388131050215,2.440560219609157,1.9211818764039086,0.07935133051044509,-0.6859912385810024,-0.03995255197315141,-0.6444374412439523,0.4381211604123779,2.516026989554439,1.0454984081202534,0.21658177711731022,0.6736327342176863,0.09761882761673209,0.4539488658004943,3.1989520299969616,0.638362551972039,1.8048561346226468,1.1736155949503924,3.3656794666017085,1.009714023435897
Chigoziem Okonkwo,101.39976083047505,-1.0899945016820134,-0.775529027724481,0.8294414459675656,0.8545790529335213,-0.7687815177043332,-0.7285890530887276,1.7835362104283286,0.46694862702748335,0.6966008932770822,-0.22822088258574724,-0.3033672632315958,-0.3789874721735897,-0.9559886462490759,0.291851572975146,0.42445530712792945,-0.32475809635799974,-0.722251794775552,-0.24094749293934734,0.4119363400082814,1.198494338875319,-0.7616236706254461,0.5242147271846279,-0.11326888567839077,-0.03995255197315141,-2.7152204236974287,-1.38828370127034,-0.6524714996979321,0.871980989343337,-1.2471277642161092,-1.3698976392421895,0.5489801078858491,-1.3322289855888483,-0.5824311998162297,-1.3667290984781415,-0.747046480221911,-1.3799270136195538,-0.6329000776359953,0.8913183849923757
Zach Ertz,100.55389391826468,-1.150930934714657,2.770965435878484,0.658794516598112,1.4441365606582373,2.631987554315751,2.1155663431126386,0.6054147180624423,1.1463899351982185,1.0099861362183609,0.8635878197044675,2.013425804544939,2.104226862324177,-0.6691536798035912,0.6834609386575783,1.1348996882212536,2.3969804318511327,2.213227338175327,2.06404641663555,1.012063550892736,1.3641031229731642,2.547169837377425,0.9690781238588109,-0.4556572488266912,-1.310226335013312,0.13210617717610065,1.073392416649845,1.6107417069109045,0.946345597390587,0.5754381018645135,1.0664281101381978,1.0003413881549659,0.4336385680588593,1.1252902588090825,-0.577940365274258,2.292695131527671,0.6096429942846374,0.8882986620196526,-0.6609799857115698
Tyler Higbee,98.03813100247486,-1.2728038007799443,1.76120617864936,1.488759127622273,1.0019684298647005,1.812159295882338,1.5573676204936788,3.208683176999965,2.2787921154827773,1.6299438994282824,-0.22822088258574724,0.35196884112509447,0.27698966282022663,-0.5544196932253973,2.054093718546091,2.3395662474664554,0.3866770324441556,1.4322283028030751,0.3333890211889819,1.8265219085216384,2.0265382593645445,1.9658953021877312,0.5242147271846279,-0.7731446401096607,-0.5738357361494508,-0.38558956843726877,0.8351656955607948,1.6107417069109045,-0.2682763340478264,0.37568064030572546,0.7034652944141809,0.5489801078858491,0.5611421038813456,3.1989520299969616,0.9853150179160077,1.725792573055281,0.7310537624835152,3.930696141330949,-0.24001771569016084
Mike Gesicki,96.47692902132964,-1.1204627181983353,2.2524023798558654,0.4881475872286583,1.3630724033460888,2.631987554315751,1.7168529698133816,0.2918823854166822,0.46694862702748335,0.7136326999586734,-0.22822088258574724,0.7602571938100915,0.9132327137065196,-0.6404701831590428,-1.0787812069133669,0.6097886239348835,0.9310247380859822,2.278631198280393,0.7452230334223711,1.9122543672194177,0.9500811627285515,2.5024564115936023,1.4139415205329937,-0.11949412864472352,-0.7579333858654161,-0.903285314050638,0.6763478815014281,0.25281378294560247,1.318168637626836,0.6408454122864173,0.6288838939229445,1.4517026684240828,0.301621632738232,0.2714295294964264,0.561023302597532,2.028589191823917,0.9503764405201977,0.32328198729041197,-2.0027972214048106
Cade Otton,95.23432646023136,-0.7853123365187956,-0.775529027724481,0.6006194270403437,1.0093378987112593,-0.7687815177043332,-0.7285890530887276,1.023457828256789,0.9199094991413068,0.6267704858825579,-0.22822088258574724,-0.3033672632315958,-0.3789874721735897,-0.9559886462490759,0.8792656214987944,1.0113441436832842,-0.32475809635799974,-0.722251794775552,-0.24094749293934734,0.0261402758682749,0.9500811627285515,-0.7616236706254461,0.07935133051044509,-0.3809543332306984,-0.03995255197315141,0.13210617717610065,-1.38828370127034,-0.6524714996979321,0.20269951691808902,-1.2471277642161092,-1.3698976392421895,0.09761882761673209,-1.3322289855888483,-0.5824311998162297,-1.3667290984781415,-0.747046480221911,-1.3799270136195538,-0.6329000776359953,-0.38472349601002015
Lawrence Cager,93.9677856900287,0.25060702503614496,-0.775529027724481,-0.4581672029110393,-0.2950580871296745,-0.7687815177043332,-0.7285890530887276,0.11136376965094157,-0.3936770299887812,-0.43431107038057676,-0.22822088258574724,-0.3033672632315958,-0.3789874721735897,-0.9559886462490759,-0.49136715838971845,-0.40954461850336416,-0.32475809635799974,-0.722251794775552,-0.24094749293934734,-0.4025220176206212,0.03923285019040365,-0.7616236706254461,-0.36551206616373777,0.5901835695172083,-0.03995255197315141,-0.021584747302866424,-1.38828370127034,-0.6524714996979321,0.4257933410598383,-1.2471277642161092,-1.3698976392421895,-0.35374245265238485,-1.3322289855888483,-0.5824311998162297,-1.3667290984781415,-0.747046480221911,-1.3799270136195538,-0.6329000776359953,7.297837931880693
Austin Hooper,92.91203602662603,-0.9681216356167264,1.3346624169400485,0.8061714101444583,1.6946985014412415,1.0834230661637485,0.7333599823418812,0.6434186371710193,0.8746134119299245,0.7000072546134004,-0.22822088258574724,0.9298223691409996,0.8583653324899105,-0.2102177334908157,-0.8829765240721507,0.8568997130108224,0.9541437526113108,0.6050618367684235,1.0651678036075956,0.7119999454505086,1.6953206911688543,0.9374865091598119,0.07935133051044509,-0.3498281183990347,-1.0639957285182085,-2.7152204236974287,0.7557567885311115,0.7054564242673698,0.9215573947081702,0.35800298884034604,1.0266513632095384,0.09761882761673209,1.440126656144326,0.2714295294964264,0.8087953422603043,0.8089916995613562,0.4412345093636133,2.105257653744171,0.8913183849923757
Daniel Bellinger,92.5892573570587,-0.6634394704535085,-0.775529027724481,0.12358369266664365,0.32397729598127706,-0.7687815177043332,-0.7285890530887276,0.7384284349424617,0.37635645260471867,0.3184947849457564,-0.22822088258574724,-0.3033672632315958,-0.3789874721735897,-0.9559886462490759,0.8792656214987944,0.08467755964851352,-0.32475809635799974,-0.722251794775552,-0.24094749293934734,1.226394697637184,0.5360592024839388,-0.7616236706254461,0.5242147271846279,-0.07591742788039436,-0.03995255197315141,1.9440412868228922,-1.38828370127034,-0.6524714996979321,-0.020394307223660455,-1.2471277642161092,-1.3698976392421895,0.09761882761673209,-1.3322289855888483,-0.5824311998162297,-1.3667290984781415,-0.747046480221911,-1.3799270136195538,-0.6329000776359953,1.3385907968901227
Dawson Knox,89.87780136380428,-1.455613099877875,1.060641193813641,1.0892901793255974,1.7978710652930667,1.3870631618798275,2.328213475538909,1.2039764440225298,1.1916860224096009,1.352325450518345,1.4874785067274476,0.1698527691307202,0.28191749699562285,-0.7838876663817851,1.6624843528636588,1.0113441436832842,0.2479629452921844,1.536105021793473,0.0796298064464591,1.440725844381632,1.4469075150220867,1.4293341927818604,1.8588049172071766,-0.48055822069202214,-0.6083540454711943,-0.38558956843726877,0.5969389744717447,3.4213122721979734,0.946345597390587,0.8706548813363505,0.9222374025218075,1.9030639486931997,1.1602958872595774,3.8088525509345734,1.0175397051553856,2.013449360885485,1.0561213031450267,3.104902539803597,-0.09531193537030153
Hunter Henry,89.17949864027047,-1.0595262851656917,1.5268400948094776,1.0582634648947875,1.6652206260550055,1.508519200166259,2.3016325839856253,1.298986241793972,0.8746134119299245,0.8107139980437436,1.4094921708495751,1.1015647408318971,0.8189964327188208,-0.7552041697372366,1.4666796700224427,0.8260108268763301,1.004585238848391,1.5976615960100053,1.1974814118384014,-0.23105710022506276,1.2812987309242416,1.4740476185656828,0.07935133051044509,-0.3560533613653674,-1.2814610772451924,-0.903285314050638,0.7557567885311115,3.4213122721979734,0.8967691920257538,0.8847970025086541,1.0614560167721154,0.09761882761673209,1.0948515945365314,1.9791509881217386,0.8707383521759974,2.0168137677606923,0.6723066165808324,1.84448072694606,0.14147934151674102
Jordan Akins,87.64211759649635,-1.2423355842636223,0.3420167088890547,1.0039667146408704,1.068293649483731,0.23323079815872733,-0.2501330051296193,1.9355518868626365,0.6934290630843951,1.0253147622317933,-0.22822088258574724,0.21083528884816036,0.18318726724088,0.8510716423574777,-0.6871718412309346,0.6715663962038683,0.12185922969948332,0.1010673853705661,0.04081551459257222,1.569324532428301,1.2812987309242416,0.3114985481862958,1.4139415205329937,-0.2626747168703764,-0.3782319833262378,1.6851934140162066,0.9145746025904782,-0.6524714996979321,0.500157949107088,0.32971874649573885,-0.17162313801632553,1.4517026684240828,-0.3178424483816348,-0.2164908872536628,0.25488877382344194,-0.04556764674123808,0.48039927329873516,-0.5025116142369398,-0.29263799944283697
Robert Tonyan,86.54150017580994,-1.02905806864937,0.04287567838139116,0.90700823204459,1.193574619875233,0.11177475987229575,0.12199947661635387,1.536510736222578,1.4181664584665126,0.9486716321646326,-0.22822088258574724,-0.1516038699029504,-0.3792182900708233,0.4495026893337991,-0.6871718412309346,1.073121915952269,-0.39306427563737945,0.06259452648523348,0.08279245244936846,-0.18819087087617314,1.032885554777474,0.04321799348336035,0.07935133051044509,-0.5428106503553495,-0.07907330253779402,1.426345541209523,0.7557567885311115,0.25281378294560247,0.4257933410598383,0.755750146811384,0.8476560020305711,0.09761882761673209,0.8116357760281769,0.2714295294964264,0.9341135704134406,0.10078405233026913,0.852464530682393,-0.11134622403977316,0.5361314696618119
Tyler Conklin,84.9849249327304,-1.2118673677473006,1.6668305664134622,1.22503205496039,1.3188555902667352,1.8728873150255538,1.3181395965141247,2.1540744217369543,1.6446468945234245,1.280791862455662,-0.22822088258574724,-0.7074292935707315,-0.7484166180459445,-0.411002210002655,1.858289035704875,1.690899638642116,-0.7818840653815412,1.5591887371246727,-0.7762972072499944,0.0690065052171645,1.4469075150220867,1.9658953021877312,0.5242147271846279,-0.623738808917675,0.9104515646855194,-0.6444374412439523,0.6763478815014281,0.7054564242673698,0.6736753678840043,0.4711399582187747,0.8277676285662415,0.5489801078858491,0.8116357760281769,1.0033101546215604,0.9069016123001882,1.579440873983774,0.8642139598629296,2.192183296010208,-0.5162742053917104
Greg Dulcich,84.82230172938921,-0.876716986067761,-0.775529027724481,0.678186213117368,1.2967471837270583,-0.7687815177043332,-0.7285890530887276,0.8429392124910484,0.5122447142388658,0.5075478391114191,-0.22822088258574724,-0.3033672632315958,-0.3789874721735897,-0.9559886462490759,-0.0997577927072862,0.7024552823383606,-0.32475809635799974,-0.722251794775552,-0.24094749293934734,-0.316789558922842,0.8672767706796289,-0.7616236706254461,0.07935133051044509,-0.15684558644271993,-0.03995255197315141,-0.38558956843726877,-1.38828370127034,-0.6524714996979321,1.8387208939575845,-1.2471277642161092,-1.3698976392421895,0.09761882761673209,-1.3322289855888483,-0.5824311998162297,-1.3667290984781415,-0.747046480221911,-1.3799270136195538,-0.6329000776359953,-2.2658986401681913
Jelani Woods,84.77786822945139,-0.7548441200024739,-0.775529027724481,0.2942306220360973,0.8251011775472855,-0.7687815177043332,-0.7285890530887276,0.5104049202909998,0.14987601654780694,0.30486933960048346,-0.22822088258574724,-0.3033672632315958,-0.3789874721735897,-0.9559886462490759,-0.8829765240721507,0.23912199032097528,-0.32475809635799974,-0.722251794775552,-0.24094749293934734,0.454802569357171,0.701667986581784,-0.7616236706254461,0.5242147271846279,0.11083986110958767,-0.03995255197315141,-0.903285314050638,-1.38828370127034,-0.6524714996979321,1.4668978537213355,-1.2471277642161092,-1.3698976392421895,0.5489801078858491,-1.3322289855888483,-0.5824311998162297,-1.3667290984781415,-0.747046480221911,-1.3799270136195538,-0.6329000776359953,-0.9109263335367813
Darren Waller,83.66203626666673,-0.9985898521330482,1.8082142556220904,0.58898440912879,1.6799595637481235,2.055071372455201,1.3713013796206923,0.13036572920523007,0.285764278181954,0.48540649042535056,-0.22822088258574724,0.8068748099886796,0.6864411509735608,-0.43968570664720347,-0.0997577927072862,0.33178864872445235,0.6010533489517476,1.8361933210990675,0.7118714937553277,0.4119363400082814,0.8672767706796289,1.6976147474847958,0.5242147271846279,0.005010730681931184,-0.06986842005199578,0.13210617717610065,0.9145746025904782,0.25281378294560247,2.334484947605916,0.8901002979482678,0.6736327342176863,0.5489801078858491,0.48102926278934094,0.7593499462465156,0.9301749975286278,1.4986951089788043,0.8877128182240027,0.8448358408866341,0.1677894833930791
Juwan Johnson,79.30182019575875,-1.4860813163941966,0.017945149990660218,1.0543851255909364,1.8126100029861847,-0.10077330712895953,0.3346466090426242,1.099465666473943,0.9199094991413068,1.3369968245049133,-0.22822088258574724,-0.9789384866987721,-0.9124265291940173,-0.009433256978976423,1.0750703043400105,1.0113441436832842,-0.9184964239403007,-0.11053333849876333,-1.047709736954211,2.340916660708314,1.4469075150220867,-0.18034913543575254,2.3036683138813596,-0.39340481916336384,1.5317811324769022,0.13210617717610065,0.5969389744717447,1.1580990655891372,1.2190158268971696,0.9148490099997991,0.7979350683697469,2.3544252289623167,0.6006343494900802,1.1252902588090825,0.4772391157751495,0.14283913827035744,0.36682145788688175,0.8013730197536155,0.4440459730946287
Jake Ferguson,75.85647392937315,-0.26735265574132533,-0.775529027724481,-0.24098020189537098,-0.22136339866408503,-0.7687815177043332,-0.7285890530887276,0.5484088393995769,-0.12190050672048713,-0.13455127278457082,-0.22822088258574724,-0.3033672632315958,-0.3789874721735897,-0.9559886462490759,0.291851572975146,-0.3168779600998871,-0.32475809635799974,-0.722251794775552,-0.24094749293934734,-0.14532464152728353,0.03923285019040365,-0.7616236706254461,0.07935133051044509,0.29137190713323696,-0.03995255197315141,-0.12674169563058285,-1.38828370127034,-0.6524714996979321,-0.14433532063574345,-1.2471277642161092,-1.3698976392421895,0.09761882761673209,-1.3322289855888483,-0.5824311998162297,-1.3667290984781415,-0.747046480221911,-1.3799270136195538,-0.6329000776359953,1.5227617900244892
Connor Heyward,73.33974006091861,-0.05407514012707287,-0.775529027724481,-0.330182005883949,0.06604588635171392,-0.7687815177043332,-0.7285890530887276,-0.04065190678336635,-0.4389731172001636,-0.3491520369726206,-0.22822088258574724,-0.3033672632315958,-0.3789874721735897,-0.9559886462490759,-1.274585889754583,-0.4713223907723489,-0.32475809635799974,-0.722251794775552,-0.24094749293934734,0.32620388131050215,-0.1263759339074414,-0.7616236706254461,-0.36551206616373777,0.6399855132478701,-0.03995255197315141,-0.6444374412439523,-1.38828370127034,-0.6524714996979321,0.32664053033017204,-1.2471277642161092,-1.3698976392421895,-0.35374245265238485,-1.3322289855888483,-0.5824311998162297,-1.3667290984781415,-0.747046480221911,-1.3799270136195538,-0.6329000776359953,1.009714023435897
Trey McBride,72.9935496770789,-0.4196937383229343,-0.775529027724481,0.11194867475509,0.5008445482986918,-0.7687815177043332,-0.7285890530887276,0.4819019809595671,0.33106036539333633,0.08856539474427454,-0.22822088258574724,-0.3033672632315958,-0.3789874721735897,-0.9559886462490759,1.2708749871812266,0.20823310418648294,-0.32475809635799974,-0.722251794775552,-0.24094749293934734,-0.6168531643650692,0.37045041838609377,-0.7616236706254461,-0.36551206616373777,-0.03856597008239796,-0.03995255197315141,0.13210617717610065,-1.38828370127034,-0.6524714996979321,0.500157949107088,-1.2471277642161092,-1.3698976392421895,-0.35374245265238485,-1.3322289855888483,-0.5824311998162297,-1.3667290984781415,-0.747046480221911,-1.3799270136195538,-0.6329000776359953,-0.6609799857115698
Hayden Hurst,72.29437230651419,-0.9071852025840828,0.1294844998361149,0.6898212310289217,1.0461852429440541,0.17250277901551153,0.28148482593605667,1.1944754642453854,1.3728703712551302,0.8362617080661304,-0.22822088258574724,0.25822132727145036,0.3091904790161508,0.16266772288831438,1.2708749871812266,1.1040108020867612,0.34254073198671026,0.12799838659029894,0.31855333630260735,1.012063550892736,1.5297119070710092,0.400925399753941,0.07935133051044509,-0.5241349214563512,-0.4932930143987159,-0.6444374412439523,0.8351656955607948,0.7054564242673698,0.20269951691808902,0.25547261034114516,0.44491643937789493,0.09761882761673209,0.18765829541016907,-0.2164908872536628,0.5431206985756554,0.33124592328195296,0.7780514792056614,2.0617948326111524,-0.20055250287565377
Taysom Hill,72.07274424679855,-1.6384223989758055,-0.775529027724481,-0.6171791143689392,-0.2950580871296745,-0.7687815177043332,-0.7285890530887276,-0.27817640121197246,-0.5748613788343105,1.524346698002417,-0.22822088258574724,-0.3033672632315958,-0.3789874721735897,-0.9559886462490759,0.291851572975146,-0.5948779353103183,-0.32475809635799974,-0.722251794775552,-0.24094749293934734,-0.4453882469695108,-0.20918032595636393,-0.7616236706254461,3.1933951072297253,0.8640942600358485,-0.03995255197315141,0.13210617717610065,-1.38828370127034,-0.6524714996979321,0.4257933410598383,-1.2471277642161092,-1.3698976392421895,0.09761882761673209,-1.3322289855888483,-0.5824311998162297,-1.3667290984781415,-0.747046480221911,-1.3799270136195538,-0.6329000776359953,0.4440459730946287
Will Dissly,71.64219435678204,-0.8462487695514392,0.1086845572058263,0.4377291762785924,0.626125518690194,0.020682731157472056,0.042256801956502485,1.1184676260282316,0.5575408014502481,0.5211732844566923,-0.22822088258574724,-0.2719900215729307,-0.4361280680533259,0.506869682622896,1.6624843528636588,0.17734421805199058,-0.4981507052979638,0.16647124547563155,-0.20299574090443573,1.226394697637184,1.032885554777474,0.17735827083482808,0.5242147271846279,-0.1755213153417181,-0.286183158468255,1.167497668402839,0.5969389744717447,-0.1998288583761648,0.32664053033017204,0.6974138969756317,0.6288838939229445,0.5489801078858491,0.9899150562047506,-0.4604510956287074,0.7361107699314853,0.09573744201745858,0.4725663205117108,-0.5025116142369398,0.009928632135050719
Peyton Hendershot,68.64701593443822,-0.23688443922500357,-0.775529027724481,-0.5163422924688076,-0.17714658558473134,-0.7687815177043332,-0.7285890530887276,-0.18316660344053,-0.4842692044115459,-0.2861343522507329,-0.22822088258574724,-0.3033672632315958,-0.3789874721735897,-0.9559886462490759,-0.8829765240721507,-0.5022112769068412,-0.32475809635799974,-0.722251794775552,-0.24094749293934734,-0.7025856230628484,0.03923285019040365,-0.7616236706254461,0.5242147271846279,0.6897874569785319,-0.03995255197315141,-0.12674169563058285,-1.38828370127034,-0.6524714996979321,0.6736753678840043,-1.2471277642161092,-1.3698976392421895,0.09761882761673209,-1.3322289855888483,-0.5824311998162297,-1.3667290984781415,-0.747046480221911,-1.3799270136195538,-0.6329000776359953,1.5227617900244892
Irv Smith Jr.,67.98772848534645,-0.3282890887739689,0.6506422731397158,-0.20995348746456122,0.058676417505154975,0.5368708938748062,1.1054924640878543,0.2633794460852495,0.14987601654780694,-0.018734987349750275,-0.22822088258574724,0.06611576609594999,0.5191488501960506,-0.3536352167135581,-1.0787812069133669,0.11556644578300587,0.2479629452921844,0.6820075545390887,0.18054696526656488,-0.7883180817606277,0.12203724223932617,0.5797791028892313,0.07935133051044509,0.0983893751769222,-0.3322075708972464,0.13210617717610065,0.3587122533826945,1.6107417069109045,0.12833490887083904,0.9042424191205714,0.9570420560843845,0.09761882761673209,1.2437937779751878,-0.5824311998162297,0.9777959242268195,0.9099239058175681,0.519564037233857,-0.6329000776359953,-0.1347771481848086
Foster Moreau,67.97069957809329,-0.8157805530351174,0.4468871493427142,0.7130912668520291,0.758775957928255,0.5672349034464141,0.7333599823418812,1.6220195542168763,0.5122447142388658,0.49221921309798716,-0.22822088258574724,-0.5255693623245912,-0.6413674475097214,-0.23890123013536418,1.4666796700224427,0.6715663962038683,-0.6978149216530738,0.7127858416473548,-0.3093756519113849,-0.4025220176206212,1.3641031229731642,0.5797791028892313,0.07935133051044509,-0.14439510051005444,-0.15961602428852892,0.13210617717610065,0.5175300674420613,0.7054564242673698,0.99592200275542,0.950204312930558,0.6736327342176863,0.09761882761673209,0.48102926278934094,0.515389737871471,0.9301749975286278,0.6878730520539018,0.8877128182240027,1.3229268733498378,0.1677894833930791
James Mitchell,66.97359402910395,0.3115434580687885,-0.775529027724481,-0.4775588994302954,-0.21399392981752607,-0.7687815177043332,-0.7285890530887276,-0.04065190678336635,-0.4842692044115459,-0.4768905870845549,-0.22822088258574724,-0.3033672632315958,-0.3789874721735897,-0.9559886462490759,-1.274585889754583,-0.656655707579303,-0.32475809635799974,-0.722251794775552,-0.24094749293934734,-0.6597193937139588,-0.04357154185851887,-0.7616236706254461,-0.36551206616373777,0.7022379429111975,-0.03995255197315141,1.9440412868228922,-1.38828370127034,-0.6524714996979321,0.12833490887083904,-1.2471277642161092,-1.3698976392421895,-0.35374245265238485,-1.3322289855888483,-0.5824311998162297,-1.3667290984781415,-0.747046480221911,-1.3799270136195538,-0.6329000776359953,0.8386981012396996
Harrison Bryant,66.15398490244374,-0.38922552180661246,0.19308343867890948,0.011111852854958288,0.33871623367439496,0.08141075030068785,0.361227500595908,0.4438980618509901,0.421652539816101,0.09197175608059284,-0.22822088258574724,-0.21435835322028057,0.11545630852024355,-0.06680025026807336,0.4876562558163622,0.30089976258996,-0.03577041479139306,0.17416581725269809,-0.1178918120988764,-0.18819087087617314,0.37045041838609377,0.17735827083482808,-0.36551206616373777,-0.1008183997457253,-0.2976892615755029,0.64980192278947,0.4381211604123779,0.7054564242673698,0.40100513837742174,0.7150915484410111,1.0266513632095384,-0.35374245265238485,1.440126656144326,0.3934096336839487,0.8087953422603043,0.3009662614050894,0.4412345093636133,-0.06788340290675465,1.5490719319008273
Logan Thomas,64.02952883521097,-0.5415666043882214,-0.022444495759565627,0.3368923543784607,0.8619485217800803,-0.00968127841413584,0.22832304282948906,0.5674107989538654,0.7840212375071598,0.3576679403134162,-0.22822088258574724,0.49066905629380586,0.7640515757889611,0.3347687027556052,1.2708749871812266,0.8877885991453147,0.9415333810520404,0.031816239376967384,0.6782324408152921,-0.14532464152728353,0.6188635945328613,0.04321799348336035,-0.36551206616373777,-0.2875756887357073,-0.6946498187755531,-0.021584747302866424,0.9939835096201616,0.7054564242673698,0.7232517732488375,0.6779684803637144,1.0017908963791262,-0.35374245265238485,0.9933001058283565,0.515389737871471,0.7124793326226081,0.1546145623335822,0.7114713805159543,0.8448358408866341,1.6280023575298415
Grant Calcaterra,60.24076920858025,0.8904395718789024,-0.775529027724481,-0.6016657571535344,-0.2950580871296745,-0.7687815177043332,-0.7285890530887276,-0.24017248210339548,-0.75604572767984,-0.7357740486447418,-0.22822088258574724,-0.3033672632315958,-0.3789874721735897,-0.9559886462490759,-0.8829765240721507,-0.7184334798482878,-0.32475809635799974,-0.722251794775552,-0.24094749293934734,-0.8740505404584069,-0.37478911005420895,-0.7616236706254461,-0.8103754628379206,1.181581651318818,-0.03995255197315141,0.3909540499827841,-1.38828370127034,-0.6524714996979321,1.2190158268971696,-1.2471277642161092,-1.3698976392421895,-0.8051037329215017,-1.3322289855888483,-0.5824311998162297,-1.3667290984781415,-0.747046480221911,-1.3799270136195538,-0.6329000776359953,1.7069327831588557
Armani Rogers,58.98442856105118,0.7990349223299371,-0.775529027724481,-0.6675975253190052,-0.5382505590661197,-0.7687815177043332,-0.7285890530887276,-0.08815680566908758,-0.75604572767984,-0.7204454226313097,-0.22822088258574724,-0.3033672632315958,-0.3789874721735897,-0.9559886462490759,-0.6871718412309346,-0.8111001382517647,-0.32475809635799974,-0.722251794775552,-0.24094749293934734,-0.7883180817606277,-0.29198471800528647,-0.7616236706254461,-0.8103754628379206,1.2376088380158126,-0.03995255197315141,-0.021584747302866424,-1.38828370127034,-0.6524714996979321,-0.4665819555071592,-1.2471277642161092,-1.3698976392421895,-0.8051037329215017,-1.3322289855888483,-0.5824311998162297,-1.3667290984781415,-0.747046480221911,-1.3799270136195538,-0.6329000776359953,1.6280023575298415
Jonnu Smith,58.80351816351121,-0.11501157315971643,0.6058924457958942,0.0343818886780656,-0.2582107428968798,0.597598913018022,0.3080657174893405,1.2704833024625393,0.24046819097057165,-0.07323676873084232,-0.22822088258574724,0.1218263788368451,0.31790612680679886,0.019250239665572044,0.291851572975146,0.17734421805199058,0.09821478302585186,0.4088502564532271,0.34442953087186506,-0.18819087087617314,0.12203724223932617,0.49035225132158616,-0.8103754628379206,0.04858743144626033,-0.7982047467407836,-0.903285314050638,0.6763478815014281,-0.1998288583761648,-0.2434881313654098,0.6090256396487344,1.0614560167721154,-0.8051037329215017,1.0948515945365314,0.0274693211213818,0.8707383521759974,0.3867586367228697,0.6723066165808324,0.45367045068946754,0.14147934151674102
Brock Wright,58.574279712408455,-0.6939076869698303,-0.2496443060954424,-0.07808995113361976,-0.21399392981752607,-0.25259335498699903,-0.0906476558099165,0.9379490102624909,-0.16719659393186947,0.12433218877561618,-0.22822088258574724,-0.3033672632315958,-0.3789874721735897,0.5929201725565414,0.6834609386575783,-0.2551001878309024,-0.32475809635799974,-0.27211934581716035,-0.24094749293934734,0.6691337161016191,0.4532548104350163,-0.22506256121957513,0.9690781238588109,0.35984957976289705,-0.03995255197315141,1.9440412868228922,0.4381211604123779,0.25281378294560247,-0.2682763340478264,0.4764432536583884,0.7482141347089227,1.0003413881549659,0.7642450812976953,-0.5824311998162297,0.6755999683375423,-0.14649985299745,0.6566407110067836,-0.6329000776359953,0.8386981012396996
Quintin Morris,58.118869896604195,0.5857574067156845,-0.775529027724481,-0.5900307392419807,-0.21399392981752607,-0.7687815177043332,-0.7285890530887276,-0.31618032032054944,-0.6201574660456929,-0.6114418598691258,-0.22822088258574724,-0.3033672632315958,-0.3789874721735897,-0.9559886462490759,-1.0787812069133669,-0.656655707579303,-0.32475809635799974,-0.722251794775552,-0.24094749293934734,-0.18819087087617314,-0.1263759339074414,-0.7616236706254461,-0.36551206616373777,0.9450224185981742,-0.03995255197315141,-0.38558956843726877,-1.38828370127034,-0.6524714996979321,0.8471927866609205,-1.2471277642161092,-1.3698976392421895,-0.35374245265238485,-1.3322289855888483,-0.5824311998162297,-1.3667290984781415,-0.747046480221911,-1.3799270136195538,-0.6329000776359953,-0.09531193537030153
Teagan Quitoriano,57.49603812574326,-0.02360692361075108,-0.775529027724481,-0.4775588994302954,-0.14766871019849556,-0.7687815177043332,-0.7285890530887276,-0.12616072477766455,-0.6654535532570753,-0.4428269737213724,-0.22822088258574724,-0.3033672632315958,-0.3789874721735897,-0.9559886462490759,-0.0997577927072862,-0.5639890491758259,-0.32475809635799974,-0.722251794775552,-0.24094749293934734,-0.35965578827173156,-0.20918032595636393,-0.7616236706254461,0.07935133051044509,1.0508515490258306,-0.03995255197315141,1.6851934140162066,-1.38828370127034,-0.6524714996979321,1.9130855020048345,-1.2471277642161092,-1.3698976392421895,0.09761882761673209,-1.3322289855888483,-0.5824311998162297,-1.3667290984781415,-0.747046480221911,-1.3799270136195538,-0.6329000776359953,-0.29263799944283697
Noah Gray,56.89139636615573,-0.602503037420865,-0.5226062981211698,0.24381221108603146,0.2723910140553645,-0.4651414219882543,-0.46278013755588965,1.099465666473943,0.285764278181954,0.23333575153780015,-0.22822088258574724,-0.3033672632315958,-0.3789874721735897,1.3386910853148017,0.291851572975146,0.05378867351402116,-0.32475809635799974,-0.5837495027883546,-0.24094749293934734,0.4119363400082814,0.5360592024839388,-0.44862969013868803,0.07935133051044509,-0.026115484149732488,-0.03995255197315141,-0.12674169563058285,0.3587122533826945,-0.1998288583761648,0.22748771960050554,-0.33849647889560486,0.7730746015393348,-0.35374245265238485,0.8736950191276172,0.1494494253089041,1.09523700661033,-0.46780070957972464,1.1109519726541974,-0.3721231508378843,-0.02953658067945637
Charlie Kolar,56.40375587037612,1.103717087493155,-0.775529027724481,-0.7257726148767735,-0.37612224444182296,-0.7687815177043332,-0.7285890530887276,-0.4396930574234246,-0.8013418148912224,-0.8073076367074251,-0.22822088258574724,-0.3033672632315958,-0.3789874721735897,-0.9559886462490759,-1.274585889754583,-0.8111001382517647,-0.32475809635799974,-0.722251794775552,-0.24094749293934734,-0.7883180817606277,-0.37478911005420895,-0.7616236706254461,-0.8103754628379206,1.324762239544471,-0.03995255197315141,-1.4209810596640062,-1.38828370127034,-0.6524714996979321,1.0207102054378365,-1.2471277642161092,-1.3698976392421895,-0.8051037329215017,-1.3322289855888483,-0.5824311998162297,-1.3667290984781415,-0.747046480221911,-1.3799270136195538,-0.6329000776359953,1.456986435333644
Colby Parkinson,56.1704183882796,-0.6329712539371868,-0.5034633092843863,0.3330140150746095,0.6777118006161066,-0.52586944113147,-0.6488463784288763,0.7954343136053272,0.14987601654780694,0.2197103061925272,-0.22822088258574724,-1.0673070448395023,-1.17538685557144,1.854994024916674,-0.8829765240721507,0.05378867351402116,-1.170703855125703,-0.5952913604539544,-1.1218881613860836,0.0261402758682749,0.5360592024839388,-0.5380565417063332,0.07935133051044509,0.09216413221058947,1.8079276070508503,1.167497668402839,0.3587122533826945,-0.6524714996979321,1.0207102054378365,-0.0804027675010647,0.6288838939229445,0.09761882761673209,0.9899150562047506,-0.5824311998162297,0.7361107699314853,-0.6074235949008179,0.4725663205117108,-0.11134622403977316,0.009928632135050719
Nick Vannett,55.61169827526306,1.073248870976833,-0.2345239065550665,-0.7025025790536661,-0.4203390575211766,-0.3133213741302148,-0.22355211357633548,-0.3256813000976937,-0.7107496404684577,-0.7630249393352879,-0.22822088258574724,-0.6016431645500894,-0.5004900591218266,0.7937046490683807,-0.6871718412309346,-0.7184334798482878,-0.5717112060603727,-0.21056277160062814,-0.5850433780558794,-0.2739233295739524,-0.5403978941520541,-0.35920283857104285,-0.8103754628379206,1.1442301935208217,0.4479062197741566,-0.021584747302866424,0.8351656955607948,-0.1998288583761648,-0.16912352331816008,1.3656291223669752,0.7979350683697469,-0.8051037329215017,0.6006343494900802,-0.5824311998162297,0.4772391157751495,-0.2709829073801114,0.36682145788688175,-0.15480904517279168,7.297837931880693
Pharaoh Brown,54.495932473120064,0.67716205626465,0.37588173121067703,-0.46204554221489047,-0.3392749002090282,0.2635948077303352,-0.3298756797894707,0.1588686685366628,-0.4389731172001636,-0.5552368978198746,-0.22822088258574724,-0.7637802581822116,-0.936838271066707,0.9371221322911231,0.291851572975146,-0.3786557323688718,-0.9342593883893884,-0.06436590783636419,-0.7785973134339286,-0.5739869350161796,-0.1263759339074414,0.26678512240247326,-0.8103754628379206,0.6337602702815374,0.8586741007029042,-0.021584747302866424,0.7557567885311115,-0.6524714996979321,0.574522557154338,0.06632173966158485,-0.17162313801632553,-0.8051037329215017,-0.3178424483816348,-0.5824311998162297,0.25488877382344194,-0.10612697049496525,0.48039927329873516,-0.6329000776359953,7.297837931880693
Kylen Granson,53.970739806664994,-0.3587573052902907,-0.29391568632416387,0.2554472289975851,0.7219286136954602,-0.3133213741302148,-0.43619924600260584,0.5484088393995769,0.421652539816101,0.0834558527397972,-0.22822088258574724,-0.3033672632315958,-0.3789874721735897,1.2239570987366077,-0.49136715838971845,0.23912199032097528,-0.32475809635799974,-0.3144394905910262,-0.24094749293934734,-0.6597193937139588,0.7844723786307065,-0.2697759870033977,-0.8103754628379206,-0.09459315677939258,-0.03995255197315141,-0.903285314050638,0.4381211604123779,-0.6524714996979321,0.5993107598367545,0.4569978370464711,1.1111769504329396,-0.8051037329215017,1.533779695730754,1.1252902588090825,0.8274140504430559,-0.38369053769954803,0.5822276595300521,-0.024420581773736138,-0.9109263335367813
Cole Turner,53.33290007865491,1.377931036140051,-0.775529027724481,-0.8266094367769051,-0.47192533944708925,-0.7687815177043332,-0.7285890530887276,-0.5632057945262998,-0.891933989313987,-0.885653947442745,-0.22822088258574724,-0.3033672632315958,-0.3789874721735897,-0.9559886462490759,-0.8829765240721507,-0.7184334798482878,-0.32475809635799974,-0.722251794775552,-0.24094749293934734,-0.7883180817606277,-0.5403978941520541,-0.7616236706254461,-0.8103754628379206,1.7543040042214297,-0.03995255197315141,-0.021584747302866424,-1.38828370127034,-0.6524714996979321,0.871980989343337,-1.2471277642161092,-1.3698976392421895,-0.8051037329215017,-1.3322289855888483,-0.5824311998162297,-1.3667290984781415,-0.747046480221911,-1.3799270136195538,-0.6329000776359953,1.6280023575298415
Tommy Tremble,51.48404937587833,-0.45016195483925603,0.3371310436134058,-0.24098020189537098,0.23554366982256972,0.2939588173019431,0.14858036816963766,-0.04065190678336635,-0.12190050672048713,-0.06642404605820584,-0.22822088258574724,-0.3033672632315958,-0.3789874721735897,0.4208191926892506,-0.49136715838971845,-0.00798909875496355,-0.32475809635799974,-0.029740334839564817,-0.24094749293934734,0.32620388131050215,0.12203724223932617,0.13264484505100552,0.5242147271846279,0.33494860789756614,-0.03995255197315141,-0.38558956843726877,0.27930334635301113,0.25281378294560247,0.8967691920257538,0.34386086766804247,0.564246680163873,0.5489801078858491,0.49005606178562316,0.6373698420589933,0.4908450948317757,0.14620354514556455,0.601810041497613,-0.1982718663058102,-0.4373437797626963
John Bates,51.18506165343515,0.34201167458511034,-0.022444495759565627,-0.4969505959495515,-0.19188552327784925,-0.00968127841413584,0.09541858506307008,-0.11665974500052032,-0.34838094277739884,-0.43431107038057676,-0.22822088258574724,-0.3033672632315958,-0.3789874721735897,0.47818618597834756,0.09604689013392992,-0.3168779600998871,-0.32475809635799974,0.2357223914692303,-0.24094749293934734,-0.10245841217839392,-0.29198471800528647,0.13264484505100552,-0.36551206616373777,0.5341563828202136,-0.03995255197315141,-0.021584747302866424,0.5175300674420613,-0.1998288583761648,0.2770641249653388,0.9537398432236338,1.0017908963791262,-0.35374245265238485,0.9933001058283565,-0.5824311998162297,0.7124793326226081,0.1091950695182868,0.7114713805159543,-0.06788340290675465,1.6280023575298415
Stone Smartt,49.28173097463933,1.4693356856890163,-0.775529027724481,-0.8498794726000124,-0.5161421525264429,-0.7687815177043332,-0.7285890530887276,-0.5632057945262998,-0.8013418148912224,-0.8618094180885171,-0.22822088258574724,-0.3033672632315958,-0.3789874721735897,-0.9559886462490759,-1.0787812069133669,-0.8419890243862571,-0.32475809635799974,-0.722251794775552,-0.24094749293934734,-0.7883180817606277,-0.5403978941520541,-0.7616236706254461,-0.8103754628379206,1.3558884543761347,-0.03995255197315141,2.4617370324362615,-1.38828370127034,-0.6524714996979321,0.12833490887083904,-1.2471277642161092,-1.3698976392421895,-0.8051037329215017,-1.3322289855888483,-0.5824311998162297,-1.3667290984781415,-0.747046480221911,-1.3799270136195538,-0.6329000776359953,-0.1347771481848086
Ko Kieft,48.85198172932339,0.43341632413407566,-0.775529027724481,-0.6055440964573856,-0.22873286751064398,-0.7687815177043332,-0.7285890530887276,-0.33518227987483795,-0.6654535532570753,-0.601222775860171,-0.22822088258574724,-0.3033672632315958,-0.3789874721735897,-0.9559886462490759,1.0750703043400105,-0.6875445937137954,-0.32475809635799974,-0.722251794775552,-0.24094749293934734,-0.5739869350161796,-0.20918032595636393,-0.7616236706254461,-0.36551206616373777,1.038401063093165,-0.03995255197315141,0.13210617717610065,-1.38828370127034,-0.6524714996979321,0.40100513837742174,-1.2471277642161092,-1.3698976392421895,-0.35374245265238485,-1.3322289855888483,-0.5824311998162297,-1.3667290984781415,-0.747046480221911,-1.3799270136195538,-0.6329000776359953,-0.38472349601002015
Feleipe Franks,48.54002894152761,1.8958907169175212,-0.775529027724481,-0.9158112407654831,-0.5898368409920324,-0.7687815177043332,-0.7285890530887276,-0.6297126529663095,-0.9825261637367517,-0.9588907161735872,-0.22822088258574724,-0.3033672632315958,-0.3789874721735897,-0.9559886462490759,-1.0787812069133669,-0.9346556827897342,-0.32475809635799974,-0.722251794775552,-0.24094749293934734,-0.7883180817606277,-0.6232022862009765,-0.7616236706254461,-0.8103754628379206,2.1215933392350608,-0.03995255197315141,-0.12674169563058285,-1.38828370127034,-0.6524714996979321,5.928774336556323,-1.2471277642161092,-1.3698976392421895,-0.8051037329215017,-1.3322289855888483,-0.5824311998162297,-1.3667290984781415,-0.747046480221911,-1.3799270136195538,-0.6329000776359953,1.904258847231391
Tyler Mabry,48.05502456451395,1.0123124379441895,-0.775529027724481,-0.8886628656385246,-0.5456200279126787,-0.7687815177043332,-0.7285890530887276,-0.6202116731891653,-0.9372300765253694,-0.8277458047253345,-0.22822088258574724,-0.3033672632315958,-0.3789874721735897,-0.9559886462490759,-1.274585889754583,-0.9655445689242266,-0.32475809635799974,-0.722251794775552,-0.24094749293934734,-0.4882544763184004,-0.5403978941520541,-0.7616236706254461,-0.36551206616373777,1.934836050245079,-0.03995255197315141,1.167497668402839,-1.38828370127034,-0.6524714996979321,0.4753697464246715,-1.2471277642161092,-1.3698976392421895,-0.35374245265238485,-1.3322289855888483,-0.5824311998162297,-1.3667290984781415,-0.747046480221911,-1.3799270136195538,-0.6329000776359953,0.009928632135050719
Stephen Sullivan,46.09199465534993,1.1341853040094767,-0.775529027724481,-0.7374076327883271,-0.4056001198280587,-0.7687815177043332,-0.7285890530887276,-0.43019207764628037,-0.891933989313987,-0.846480792075085,-0.22822088258574724,-0.3033672632315958,-0.3789874721735897,-0.9559886462490759,-1.274585889754583,-0.8111001382517647,-0.32475809635799974,-0.722251794775552,-0.24094749293934734,-0.7883180817606277,-0.4575935021031315,-0.7616236706254461,-0.8103754628379206,1.7294030323560987,-0.03995255197315141,-0.38558956843726877,-1.38828370127034,-0.6524714996979321,2.5823669744300823,-1.2471277642161092,-1.3698976392421895,-0.8051037329215017,-1.3322289855888483,-0.5824311998162297,-1.3667290984781415,-0.747046480221911,-1.3799270136195538,-0.6329000776359953,-0.4373437797626963
Adam Trautman,45.98243114436789,-0.17594800619236,0.7753523196278406,-0.11299500486828074,0.02919854211891918,0.5368708938748062,0.22832304282948906,0.5389078596224326,-0.16719659393186947,-0.1975689575064584,-0.22822088258574724,-0.4717798051954511,-0.7178334718701644,0.2487182128219598,1.0750703043400105,-0.3168779600998871,-0.7293408505512491,0.28958439390869595,-0.5267356862931515,0.0261402758682749,0.12203724223932617,0.44563882553776357,-0.36551206616373777,0.3536243367965643,0.35815861553762346,0.13210617717610065,0.5175300674420613,0.25281378294560247,0.32664053033017204,0.4746754885118505,0.7979350683697469,-0.35374245265238485,0.6006343494900802,-0.704411304003752,0.4772391157751495,0.3177882957811247,0.36682145788688175,1.0186871254187082,0.4440459730946287
Mason Schreck,45.56986990879224,1.652144984786947,-0.775529027724481,-0.8925412049423759,-0.5456200279126787,-0.7687815177043332,-0.7285890530887276,-0.6297126529663095,-0.891933989313987,-0.9146080188014499,-0.22822088258574724,-0.3033672632315958,-0.3789874721735897,-0.9559886462490759,-1.0787812069133669,-0.9346556827897342,-0.32475809635799974,-0.722251794775552,-0.24094749293934734,-0.7883180817606277,-0.6232022862009765,-0.7616236706254461,-0.8103754628379206,1.7169525464234332,-0.03995255197315141,1.6851934140162066,-1.38828370127034,-0.6524714996979321,-0.2682763340478264,-1.2471277642161092,-1.3698976392421895,-0.8051037329215017,-1.3322289855888483,-0.5824311998162297,-1.3667290984781415,-0.747046480221911,-1.3799270136195538,-0.6329000776359953,-0.29263799944283697
Jacob Harris,44.10557261819984,1.6216767682706252,-0.775529027724481,-0.8925412049423759,-0.5603589656057967,-0.7687815177043332,-0.7285890530887276,-0.610710693412021,-0.9372300765253694,-0.9316398254830413,-0.22822088258574724,-0.3033672632315958,-0.3789874721735897,-0.9559886462490759,-1.274585889754583,-0.9655445689242266,-0.32475809635799974,-0.722251794775552,-0.24094749293934734,-0.7883180817606277,-0.5403978941520541,-0.7616236706254461,-0.8103754628379206,1.9037098354134152,-0.03995255197315141,-0.38558956843726877,-1.38828370127034,-0.6524714996979321,-0.020394307223660455,-1.2471277642161092,-1.3698976392421895,-0.8051037329215017,-1.3322289855888483,-0.5824311998162297,-1.3667290984781415,-0.747046480221911,-1.3799270136195538,-0.6329000776359953,-0.24001771569016084
Shane Zylstra,44.09752142951003,-0.29782087225764714,-0.5589882599948769,-0.68311088253441,-0.24347180520376188,-0.556233450703078,-0.6488463784288763,-0.5061999158634344,-0.4842692044115459,-0.26058664222834604,-0.22822088258574724,-0.3033672632315958,-0.3789874721735897,1.8263105282721257,-0.8829765240721507,-0.5331001630413336,-0.32475809635799974,-0.5914440745654211,-0.24094749293934734,-0.2739233295739524,-0.1263759339074414,-0.6274833932739784,0.9690781238588109,0.7395894007091939,-0.03995255197315141,1.9440412868228922,0.5969389744717447,-0.6524714996979321,0.2770641249653388,0.755750146811384,0.7482141347089227,1.0003413881549659,0.7642450812976953,-0.5824311998162297,0.6755999683375423,-0.639385460215285,0.6566407110067836,-0.6329000776359953,0.8386981012396996
Jeremy Ruckert,42.859660396321544,1.5607403352379816,-0.775529027724481,-0.8847845263346734,-0.5382505590661197,-0.7687815177043332,-0.7285890530887276,-0.6202116731891653,-0.9372300765253694,-0.928233464146723,-0.22822088258574724,-0.3033672632315958,-0.3789874721735897,-0.9559886462490759,-1.274585889754583,-0.9346556827897342,-0.32475809635799974,-0.722251794775552,-0.24094749293934734,-0.7883180817606277,-0.6232022862009765,-0.7616236706254461,-0.8103754628379206,1.9659622650767425,-0.03995255197315141,-0.6444374412439523,-1.38828370127034,-0.6524714996979321,-0.14433532063574345,-1.2471277642161092,-1.3698976392421895,-0.8051037329215017,-1.3322289855888483,-0.5824311998162297,-1.3667290984781415,-0.747046480221911,-1.3799270136195538,-0.6329000776359953,-0.5162742053917104
Ian Thomas,42.29002311272953,0.1896705920035014,0.17817960485085044,-0.15177839790679293,-0.4792948082936482,0.14213876944390363,-0.22355211357633548,1.099465666473943,-0.03130833229772244,-0.2656961842328234,-0.22822088258574724,-0.34242872733728086,-0.14077155237364372,0.8223881457129292,2.054093718546091,-0.06976687102394825,-0.07780498665562684,0.0010379522687012815,-0.27889924497425894,-0.4025220176206212,0.03923285019040365,0.04321799348336035,-0.8103754628379206,0.22911947746990963,-0.010036683894307034,-0.38558956843726877,0.5969389744717447,-0.6524714996979321,-0.4417937528247427,0.5984190487695066,0.564246680163873,-0.8051037329215017,0.49005606178562316,-0.5824311998162297,0.4908450948317757,-0.12799561518381125,0.601810041497613,-0.6329000776359953,-0.4373437797626963
Dan Arnold,39.656048432883324,0.46388454065039747,0.8710576875197527,-0.39223543474556855,-0.14766871019849556,0.8101469800192773,0.361227500595908,0.08286083031950883,-0.5748613788343105,-0.5756750658377842,-0.22822088258574724,-0.04338440377408523,-0.3462602678943109,-0.038116753623524895,-1.274585889754583,-0.5948779353103183,-0.3037408104258829,0.847440847746019,-0.06700196277933577,-0.4453882469695108,-0.20918032595636393,0.8033462318083442,-0.8103754628379206,0.8142923163051867,-0.43576249886247687,-0.6444374412439523,0.6763478815014281,-0.6524714996979321,0.5497343544719213,0.8140863966471361,1.0664281101381978,-0.8051037329215017,0.4336385680588593,-0.5824311998162297,-0.577940365274258,0.5280637254815662,0.6096429942846374,0.49713327182248607,-0.6215147728970627
Mo Alie-Cox,39.38444797204261,-0.48063017135557784,0.6693109964764703,-0.1828051123376027,0.07341535519827287,0.597598913018022,0.759940873895165,0.3108843449709707,-0.12190050672048713,-0.04087633603581897,-0.22822088258574724,-0.33474450489026086,-0.5865800533268551,-0.26758472677991263,0.8792656214987944,-0.13154464329293297,-0.5717112060603727,0.4934905460009589,-0.43645651857374046,0.28333765196161254,0.12203724223932617,0.3114985481862958,0.5242147271846279,0.28514666416690426,0.1395426564999146,-0.903285314050638,0.8351656955607948,1.1580990655891372,0.32664053033017204,1.081018933774366,1.1111769504329396,0.5489801078858491,1.533779695730754,-0.2164908872536628,0.8274140504430559,0.5919874561105004,0.5822276595300521,0.6275217352215416,-0.9109263335367813
Tanner Hudson,39.27497173979956,0.524820973683041,-0.5897184679565038,-0.4038704526571222,-0.05186561519322924,-0.556233450703078,-0.6222654868755925,-0.06915484611479908,-0.5295652916229282,-0.5637528011606702,-0.22822088258574724,-1.0288859326044022,-1.100811447175305,1.6828930450493833,-1.274585889754583,-0.5331001630413336,-1.076126068431177,-0.5645130733456883,-1.1046373650065784,-0.7883180817606277,0.03923285019040365,-0.6274833932739784,-0.8103754628379206,0.7769408585071903,1.6353360604421328,1.9440412868228922,0.6763478815014281,-0.6524714996979321,0.7976163812960873,1.1694071911012633,0.4648048128422246,-0.8051037329215017,0.3817344738302366,-0.5824311998162297,0.8872087478761238,-0.6276100361520602,0.9934576808488317,-0.6329000776359953,1.3385907968901227
O.J. Howard,38.48809449245687,-0.14547978967603822,-0.30108577258658437,-0.35345204170705635,0.03656801096547813,-0.1311373167005674,-0.19697122202305167,-0.05965386633765484,-0.5295652916229282,-0.33722977229550666,-0.22822088258574724,0.40998472060009566,-0.15571359917303368,0.7650211524238323,0.6834609386575783,-0.28598907396539475,0.01939996078041367,-0.20286819982356163,0.29612730100925033,-0.10245841217839392,-0.1263759339074414,-0.13563570965192998,0.07935133051044509,0.7707156155408575,-0.7205385507668607,1.6851934140162066,0.7557567885311115,-0.1998288583761648,1.6652034751806684,0.4569978370464711,0.504581559770884,0.09761882761673209,0.534061706892499,-0.3384709914411851,1.1528833915607728,-0.18350832862472774,1.4086041785611236,-0.4155859719709028,-0.29263799944283697
Josh Oliver,38.02538000730581,-0.2064162227086818,-0.3651748031640067,-0.3379386844916515,-0.037126677500111345,-0.3133213741302148,-0.5425228122157411,0.07335985054236459,-0.34838094277739884,-0.2622898228965052,-0.22822088258574724,-1.0711491560630122,-1.0566876846235402,1.482108568537544,0.4876562558163622,-0.22421130169641004,-1.0446001395330018,-0.4683309261323567,-1.1063624446445288,0.24047142261272295,-0.04357154185851887,-0.35920283857104285,0.07935133051044509,0.5652825976518773,1.7388909884073633,-1.4209810596640062,0.5175300674420613,-0.6524714996979321,1.0454984081202534,0.04864408819620545,1.0117350831112912,0.09761882761673209,1.354372065679645,-0.5824311998162297,0.9047532998175629,-0.48462274395575994,0.9229611057656124,-0.24173468743882873,1.456986435333644
Tre' McKitty,37.81172954461645,0.951376004911546,-0.5799559504871485,-0.6365708108881953,-0.5898368409920324,-0.52586944113147,-0.5956845953223087,-0.6297126529663095,-0.5295652916229282,-0.6659436412502178,-0.22822088258574724,-0.3033672632315958,-0.3789874721735897,1.5681590584711893,0.291851572975146,-0.4404335046378565,-0.32475809635799974,-0.5491239297915552,-0.24094749293934734,-0.6597193937139588,-0.6232022862009765,-0.4933431159225106,-0.8103754628379206,-0.9785776579986409,-0.03995255197315141,2.4617370324362615,0.3587122533826945,-0.6524714996979321,-1.0119224145203245,0.07869609568735052,0.7183815745124281,-0.8051037329215017,0.7157260366926784,-0.5824311998162297,1.078408558829766,-0.5704151192735402,1.1971144533114655,-0.6329000776359953,-0.1347771481848086
C.J. Uzomah,37.60019548530815,-0.5110983878718997,1.101157625932088,-0.01603652227200025,0.34608570252095394,1.1441510853069643,1.3713013796206923,0.36789022363383617,-0.03130833229772244,-0.001703180668159028,-0.22822088258574724,-0.425674470513331,-0.3787566542763561,-0.4683692032917519,1.2708749871812266,-0.16243352942742534,-0.34577538229011656,1.1744601482713464,-0.4025299523607134,-0.7454518524117381,0.2048416342882487,1.4293341927818604,0.07935133051044509,0.23534472043624236,0.2776158937868886,-0.6444374412439523,0.8351656955607948,1.6107417069109045,0.7976163812960873,0.5312439732010649,0.7979350683697469,0.09761882761673209,0.6333564958516033,0.515389737871471,0.9777959242268195,1.4112205302234209,0.7349702388770274,0.19289352389135644,-0.5162742053917104
MyCole Pruitt,36.622401884283136,-0.5720348209045432,-0.20103311333981705,-0.33406034518780026,-0.037126677500111345,-0.2222293454153911,0.20174215127620526,0.08286083031950883,-0.25778876835463416,-0.022141348686068575,-0.22822088258574724,-0.8652119944828759,-0.8813608522770674,0.36345219940015366,-0.49136715838971845,-0.3477668462343795,-0.950022352838476,-0.164395340938229,-0.851740690083031,0.454802569357171,0.2048416342882487,-0.13563570965192998,0.9690781238588109,0.4407777383252226,0.9035479028211706,-0.12674169563058285,0.9145746025904782,0.7054564242673698,0.30185232764775527,0.5842769275972031,1.2255350978528352,1.0003413881549659,1.2832860235839225,0.2714295294964264,0.8019923527319912,0.06882218701580205,0.5939770887105886,0.27981916615739344,1.904258847231391
Brevin Jordan,35.4446017247302,0.5552891901993628,0.1726915972809433,-0.4193838098725271,-0.2729496805899977,0.08141075030068785,0.22832304282948906,0.17787062809095128,-0.34838094277739884,-0.5024382971069418,-0.22822088258574724,-0.3033672632315958,-0.3789874721735897,0.3060852061110567,-0.6871718412309346,-0.13154464329293297,-0.32475809635799974,-0.03743490661663134,-0.24094749293934734,-0.7883180817606277,-0.04357154185851887,0.13264484505100552,-0.8103754628379206,0.5466068687528791,-0.03995255197315141,1.6851934140162066,0.27930334635301113,0.7054564242673698,0.748039975931254,0.32618321620266305,-0.17162313801632553,-0.8051037329215017,-0.3178424483816348,1.1252902588090825,0.25488877382344194,0.19162303796085983,0.48039927329873516,0.7144473774875786,-0.29263799944283697
Devin Asiasi,35.17035229934246,1.6826132013032689,-0.5067910820934687,-0.896419544246227,-0.5529894967592377,-0.556233450703078,-0.46278013755588965,-0.6297126529663095,-0.891933989313987,-0.9163111994696092,-0.22822088258574724,-0.3033672632315958,-0.3789874721735897,1.2526405953811561,-1.274585889754583,-0.8728779105207495,-0.32475809635799974,-0.5722076451227548,-0.24094749293934734,-0.7883180817606277,-0.6232022862009765,-0.6721968190578009,-0.8103754628379206,1.5177447715007857,-0.03995255197315141,-0.6444374412439523,0.4381211604123779,-0.1998288583761648,2.6567315824773323,2.200014271532886,1.1260932305311868,-0.8051037329215017,1.3148798200709102,-0.5824311998162297,0.5918157815151598,-0.5468642711470907,0.2610765952620527,-0.6329000776359953,-0.20055250287565377
Josiah Deguara,34.94223041794777,0.7076302727809717,0.15575908612013217,-0.47368056012644416,-0.21399392981752607,0.23323079815872733,0.25490393438277287,-0.031150927006222105,-0.3936770299887812,-0.5433146331427608,-0.22822088258574724,-1.0826754897335422,-1.1709776506016916,0.22003471617741133,-0.6871718412309346,-0.5331001630413336,-1.170703855125703,0.22033324791509723,-1.146039276317391,-0.4025220176206212,-0.29198471800528647,0.3562119739701184,-0.8103754628379206,0.5964088124835409,1.9114825350160807,1.426345541209523,0.5175300674420613,0.25281378294560247,-0.19391172600057668,0.48528207939107826,0.8476560020305711,-0.8051037329215017,0.8116357760281769,-0.5824311998162297,0.9341135704134406,0.28750863390426123,0.852464530682393,-0.06788340290675465,0.5361314696618119
Mitchell Wilcox,34.55213904287642,0.1592023754871796,-0.6265856425136421,-0.3767220775301637,-0.11082136596570082,-0.6169614698462937,-0.67542726998216,0.07335985054236459,-0.21249268114325182,-0.3304170496228702,-0.22822088258574724,-0.3033672632315958,-0.3789874721735897,2.027095004783965,-0.49136715838971845,-0.4404335046378565,-0.32475809635799974,-0.6606952205590199,-0.24094749293934734,-0.2739233295739524,-0.1263759339074414,-0.6274833932739784,-0.36551206616373777,0.4034262805272262,-0.03995255197315141,-0.6444374412439523,0.5969389744717447,-0.6524714996979321,0.10354670618842254,-0.3049089411113838,0.7979350683697469,-0.35374245265238485,0.6333564958516033,-0.5824311998162297,0.9777959242268195,-0.6696651220921485,0.7349702388770274,-0.6329000776359953,-0.20055250287565377
Anthony Firkser,33.71591373245773,0.7685667058136153,0.5968778788611052,-0.5279773103803612,-0.0002793332673166078,0.5368708938748062,0.46755106680904324,-0.4396930574234246,-0.5748613788343105,-0.6352863892233536,-0.22822088258574724,-0.08372657162094031,-0.03858587755950417,-0.1241672435571703,-1.0787812069133669,-0.5948779353103183,-0.2144173452143862,0.3973083987876273,-0.19724547544460072,-0.7883180817606277,-0.20918032595636393,0.7586328060245217,-0.8103754628379206,0.8391932881705176,-0.24015874603926382,-0.12674169563058285,0.6763478815014281,0.7054564242673698,0.8471927866609205,0.26607920122037293,1.2255350978528352,-0.8051037329215017,1.2832860235839225,1.3692504671841272,0.8019923527319912,0.5835764389224828,0.5939770887105886,1.1925384099507823,1.904258847231391
Brycen Hopkins,33.45984130238851,0.7380984892972935,-0.7456850841200828,-0.49307225664570026,-0.029757208653552396,-0.7384175081327253,-0.7020081615354438,-0.31618032032054944,-0.6654535532570753,-0.6540213765731039,-0.22822088258574724,-0.3033672632315958,-0.3789874721735897,2.170512488006707,-1.0787812069133669,-0.656655707579303,-0.32475809635799974,-0.6876262217787527,-0.24094749293934734,-0.316789558922842,-0.20918032595636393,-0.7169102448416235,-0.8103754628379206,1.0259505771604998,-0.03995255197315141,-0.38558956843726877,0.5175300674420613,-0.6524714996979321,1.5412624617685855,0.34386086766804247,0.7034652944141809,-0.8051037329215017,0.5611421038813456,-0.5824311998162297,0.9853150179160077,-0.7150846149074439,0.7310537624835152,-0.6329000776359953,-0.24001771569016084
Jack Stoll,33.4505043911079,0.6162256232320064,-0.5910578625550934,-0.4387755063917832,-0.04449614634667029,-0.6169614698462937,-0.67542726998216,-0.16416464388624152,-0.4842692044115459,-0.5620496204925112,-0.22822088258574724,-0.3033672632315958,-0.3789874721735897,1.9697280114948679,0.8792656214987944,-0.5639890491758259,-0.32475809635799974,-0.6376115052278203,-0.24094749293934734,-0.7883180817606277,-0.20918032595636393,-0.5827699674901557,-0.8103754628379206,0.7333641577428611,-0.03995255197315141,0.3909540499827841,0.4381211604123779,-0.6524714996979321,0.574522557154338,-0.2748569336202387,1.3647537121031432,-0.8051037329215017,1.7312409237744273,-0.0945107830661405,0.8889990082783115,-0.642749867090492,0.3276566939517599,-0.06788340290675465,1.7069327831588557
Parker Hesse,32.634855163211824,0.8295031388462588,-0.6003651191643656,-0.5706390427227246,-0.1992549921244082,-0.5865974602746858,-0.6222654868755925,-0.2876773809891167,-0.5748613788343105,-0.6540213765731039,-0.22822088258574724,-0.3033672632315958,-0.3789874721735897,1.6255260517602863,0.09604689013392992,-0.656655707579303,-0.32475809635799974,-0.5568185015686218,-0.24094749293934734,-0.5739869350161796,-0.1263759339074414,-0.5380565417063332,-0.8103754628379206,0.8578690170695158,-0.03995255197315141,-0.12674169563058285,0.6763478815014281,-0.6524714996979321,0.450581543742255,0.2731502618065245,0.44491643937789493,-0.8051037329215017,0.18765829541016907,-0.5824311998162297,0.5431206985756554,-0.5906015605247825,0.7780514792056614,-0.6329000776359953,1.904258847231391
Donald Parham,32.3105836345384,0.22013880851982318,-0.11546989204848411,-0.41162713126482464,0.058676417505154975,0.051046740729079956,0.3080657174893405,-0.23067150232625125,-0.5295652916229282,-0.464968322407441,-0.22822088258574724,-0.5178851398775712,-0.6725172804385823,0.07661723295466899,-1.0787812069133669,-0.6257668214448107,-0.603237134958548,0.008732524045767806,-0.4266810672920209,-0.6597193937139588,-0.20918032595636393,0.13264484505100552,-0.36551206616373777,0.7956165874061885,-0.15961602428852892,2.4617370324362615,0.5175300674420613,0.7054564242673698,1.5412624617685855,0.4322491249949398,0.7183815745124281,-0.35374245265238485,0.7157260366926784,0.8813300504340379,1.078408558829766,0.2454535479641729,1.1971144533114655,-0.11134622403977316,-0.1347771481848086
Cameron Brate,31.44704093091137,0.28107524155246677,0.5122455219355242,-0.24098020189537098,0.24291313866912867,0.9619670278773168,0.5738746330221784,-0.0501528865605106,-0.07660441950910478,-0.32190114628207456,-0.22822088258574724,0.4215110542706257,0.294939426016692,-0.15285074020171877,-1.0787812069133669,0.17734421805199058,0.47915309054546984,0.22033324791509723,0.6448809011482487,-0.4453882469695108,0.03923285019040365,0.5797791028892313,-0.8103754628379206,0.24779520636890784,-0.9362779840277575,0.13210617717610065,0.9939835096201616,1.1580990655891372,0.7232517732488375,0.1971363605053929,0.504581559770884,-0.8051037329215017,0.534061706892499,1.4912305713716496,1.1528833915607728,0.5734832182968617,1.4086041785611236,3.8872333201979306,-0.38472349601002015
Jody Fortson,30.579973151580276,0.0068612929055707015,-0.6490676629228254,-0.4969505959495515,-0.08871295942602397,-0.6169614698462937,-0.2767138966829031,-0.24967346188053974,-0.5748613788343105,-0.451342877062168,-0.22822088258574724,-0.3033672632315958,-0.3789874721735897,0.8797551390020262,-1.0787812069133669,-0.5948779353103183,-0.32475809635799974,-0.5414293580144888,-0.24094749293934734,-0.316789558922842,-0.1263759339074414,-0.5380565417063332,0.07935133051044509,0.8454185311368504,-0.03995255197315141,-0.12674169563058285,0.6763478815014281,0.25281378294560247,0.6736753678840043,0.41457147352956036,0.7730746015393348,0.09761882761673209,0.8736950191276172,-0.0945107830661405,1.09523700661033,-0.3820083342619445,1.1109519726541974,-0.45904879310392127,-0.02953658067945637
Tyler Davis,28.66355184788597,1.2865263865910856,-0.6344247680510547,-0.8149744188653515,-0.5972063098385914,-0.6169614698462937,-0.6222654868755925,-0.37318619898341493,-0.8013418148912224,-0.846480792075085,-0.22822088258574724,-0.3033672632315958,-0.3789874721735897,1.7402600383384803,-1.0787812069133669,-0.7802112521172724,-0.32475809635799974,-0.5875967886768879,-0.24094749293934734,-0.7883180817606277,-0.5403978941520541,-0.5827699674901557,-0.8103754628379206,1.2811855387801419,-0.03995255197315141,1.426345541209523,0.5175300674420613,-0.6524714996979321,-0.04518250990607708,0.2996667390045938,0.8476560020305711,-0.8051037329215017,0.8116357760281769,-0.5824311998162297,0.9341135704134406,-0.6208812224016461,0.852464530682393,-0.6329000776359953,0.5361314696618119
Kyle Rudolph,26.839090828653994,0.8599713553625806,0.3407512899055066,-0.807217740257649,-0.4056001198280587,0.4154148555883747,0.17516125972292146,-0.6012097136348769,-0.8466379021026047,-0.7579153973308106,-0.22822088258574724,0.9216258651975116,1.2543830294252314,0.39213569604470216,-1.274585889754583,-0.8419890243862571,1.1464519188901798,0.2665006785774964,1.1914436331055747,-0.4453882469695108,-0.4575935021031315,0.400925399753941,-0.36551206616373777,1.4866185566691221,-1.1721530977263381,0.13210617717610065,1.1528013236795285,-0.1998288583761648,0.871980989343337,0.4994242005633819,0.7134094811463457,-0.35374245265238485,0.5724256026266983,-0.3384709914411851,0.477597167855587,0.2572289720273977,0.8211327195342955,-0.24173468743882873,-0.38472349601002015
Zach Gentry,26.536262359041906,0.4943527571667192,-0.15873893559370678,-0.4038704526571222,-0.368752775595264,-0.00968127841413584,-0.2767138966829031,0.33938728430240345,-0.12190050672048713,-0.410466541026349,-0.22822088258574724,-1.1134123795216224,-1.199890247731342,0.9084386356465746,1.2708749871812266,-0.28598907396539475,-1.2022297840238783,-0.07975505139049723,-1.1598399134209951,-0.7025856230628484,-0.1263759339074414,0.08793141926718293,-0.8103754628379206,0.2975971500995697,2.222147318911772,-0.6444374412439523,0.5969389744717447,-0.6524714996979321,-0.3178527394126597,0.30673779959074543,0.6736327342176863,-0.8051037329215017,0.4539488658004943,0.0274693211213818,0.638362551972039,-0.14649985299745,1.1736155949503924,0.5840589140885231,1.009714023435897
Ryan Griffin,25.643190736179633,1.3474628196237293,0.38931096420028605,-0.8149744188653515,-0.46455587060053033,0.5065068843031983,0.28148482593605667,-0.5442038349720113,-0.8013418148912224,-0.846480792075085,-0.22822088258574724,-0.12855120256189048,-0.008588496506662033,0.13398422624376594,-1.274585889754583,-0.7493223659827801,-0.025261771825334563,0.28188982213162944,-0.12536715719666197,-0.7025856230628484,-0.5403978941520541,0.44563882553776357,-0.8103754628379206,1.29986126767914,-0.17687517894940066,1.167497668402839,1.073392416649845,0.25281378294560247,0.6240989625191711,0.46230113248608484,0.49463737303871913,-0.8051037329215017,0.5239065580216814,-0.4604510956287074,0.5202053654276533,0.34806795765798826,0.8916292946175148,-0.024420581773736138,1.8647936344168838
Johnny Mundt,25.48047128130795,0.09826594245453606,-0.7456850841200828,-0.37284373822631245,-0.4203390575211766,-0.7384175081327253,-0.7020081615354438,0.4819019809595671,-0.12190050672048713,-0.2946502555915285,-0.22822088258574724,-1.0212017101573823,-1.1243548288017253,2.1991959846512557,1.0750703043400105,-0.3477668462343795,-1.1076519973293524,-0.6876262217787527,-1.083936409351172,-0.01672595348061471,0.12203724223932617,-0.7169102448416235,-0.36551206616373777,0.31627287899856793,1.7158787821928674,0.13210617717610065,0.7557567885311115,-0.6524714996979321,-0.664887576966492,0.34386086766804247,0.7034652944141809,-0.35374245265238485,0.5611421038813456,-0.5824311998162297,0.9853150179160077,-0.7150846149074439,0.7310537624835152,-0.6329000776359953,-0.1347771481848086
Ben Ellefson,25.037954331245665,1.3169946031074073,-0.6655400663380154,-0.8149744188653515,-0.4792948082936482,-0.6473254794179016,-0.6488463784288763,-0.5252018754177228,-0.8466379021026047,-0.8635125987566762,-0.22822088258574724,-0.3033672632315958,-0.3789874721735897,1.854994024916674,-1.0787812069133669,-0.9037667966552418,-0.32475809635799974,-0.6837789358902194,-0.24094749293934734,-0.7025856230628484,-0.4575935021031315,-0.7169102448416235,-0.8103754628379206,1.418140884039462,-0.03995255197315141,0.13210617717610065,0.5175300674420613,-0.6524714996979321,0.22748771960050554,0.5206373823218371,0.3056978251275871,-0.8051037329215017,0.3817344738302366,-0.5824311998162297,0.5932479898369099,-0.6797583427177697,0.9112116765850758,-0.6329000776359953,-0.1347771481848086
Albert Okwuegbunam,24.252688411328336,0.4029481076177539,0.47629086354171285,-0.5473690068996173,-0.3245359625159103,0.4457788651599826,0.41438928370247563,-0.06915484611479908,-0.5295652916229282,-0.5245796457930104,-0.22822088258574724,-0.6638853663709515,-0.7730837833304703,-0.09548374691262183,-1.0787812069133669,-0.4404335046378565,-0.7608667794494244,0.5473525484404246,-0.681992853708699,-0.6597193937139588,-0.29198471800528647,0.713919380240699,-0.36551206616373777,0.7893913444398557,0.4962318528245975,-0.38558956843726877,0.4381211604123779,0.25281378294560247,0.35142873301258853,0.5206373823218371,0.892404842325313,-0.35374245265238485,0.9526795103450865,1.0033101546215604,0.7389751865749855,0.5314281323567733,0.6331418526457105,-0.06788340290675465,-2.2658986401681913
Trevon Wesco,22.91496072477593,1.1646535205257984,-0.6368576001143897,-0.8149744188653515,-0.48666427714020716,-0.6169614698462937,-0.6222654868755925,-0.5157008956405786,-0.891933989313987,-0.846480792075085,-0.22822088258574724,-1.0288859326044022,-1.1482027475531236,1.7689435349830287,-1.0787812069133669,-0.8728779105207495,-1.1549408906766152,-0.5875967886768879,-1.1115376835583803,-0.6597193937139588,-0.5403978941520541,-0.6274833932739784,-0.8103754628379206,1.7792049760867605,1.8424459163725937,1.167497668402839,0.6763478815014281,-0.6524714996979321,0.4257933410598383,0.8158541617936741,0.49463737303871913,-0.8051037329215017,0.5239065580216814,-0.5824311998162297,0.5202053654276533,-0.6377032567776814,0.8916292946175148,-0.6329000776359953,1.8647936344168838
Luke Farrell,22.66363899518393,1.225589953558442,-0.44167102464811026,-0.7606776686114344,-0.5603589656057967,-0.4347774124166464,-0.5691037037690249,-0.2876773809891167,-0.8013418148912224,-0.8226362627208572,-0.22822088258574724,-0.3033672632315958,-0.3789874721735897,1.5107920651820925,-1.274585889754583,-0.8728779105207495,-0.32475809635799974,-0.5068037850176894,-0.24094749293934734,-0.7883180817606277,-0.37478911005420895,-0.44862969013868803,-0.8103754628379206,1.2874107817464746,-0.03995255197315141,-0.6444374412439523,0.5175300674420613,-0.6524714996979321,-0.7640403876961585,0.16708435301424784,0.5692187735299555,-0.8051037329215017,0.6412549449733502,-0.5824311998162297,0.5749873337345958,-0.535088847083866,0.6958054749419055,-0.32866032970486575,-0.6215147728970627
Durham Smythe,22.39329029221708,-0.08454335664339464,0.33291014826475307,-0.41550547056867587,0.014459604425801287,0.4761428747315905,0.22832304282948906,-0.18316660344053,-0.3030848555660165,-0.2776184489099373,-0.22822088258574724,-0.7151135160177515,-0.6617951069455957,0.2774017094665083,1.6624843528636588,-0.3786557323688718,-0.6662889927548985,0.6512292674308227,-0.7049939155480394,-0.4025220176206212,-0.04357154185851887,0.7586328060245217,0.07935133051044509,0.5217058968875482,0.8874393584710235,-0.903285314050638,0.6763478815014281,-0.6524714996979321,-0.020394307223660455,0.6090256396487344,0.6288838939229445,-0.35374245265238485,0.301621632738232,0.2714295294964264,0.561023302597532,0.4304959261005614,0.9503764405201977,0.0625050604923009,-2.0027972214048106
Sean McKeon,21.480337311425487,1.499803902205338,-0.6237753899624943,-0.8731495084231198,-0.5603589656057967,-0.5865974602746858,-0.48936102910917345,-0.5632057945262998,-0.891933989313987,-0.9060921154606544,-0.22822088258574724,-0.3033672632315958,-0.3789874721735897,1.3673745819593501,-1.274585889754583,-0.9037667966552418,-0.32475809635799974,-0.6183750757851539,-0.24094749293934734,-0.7883180817606277,-0.5403978941520541,-0.5827699674901557,-0.8103754628379206,1.6733758456591041,-0.03995255197315141,-0.12674169563058285,0.5175300674420613,-0.1998288583761648,-0.9375578064730746,-0.053886290302995445,0.9819025229147966,-0.8051037329215017,1.0587443985514025,0.6373698420589933,1.1689957351804616,-0.5334066436462624,1.1109519726541974,-0.1982718663058102,1.5227617900244892
Andrew Beck,19.179684660507256,0.9818442214278678,-0.333811345268538,-0.6482058287997491,-0.42770852636773554,-0.4044134028450385,-0.3032947882361869,-0.18316660344053,-0.75604572767984,-0.7562122166626514,-0.22822088258574724,-0.3033672632315958,-0.3789874721735897,0.9371221322911231,-0.49136715838971845,-0.656655707579303,-0.32475809635799974,-0.3759960648075584,-0.24094749293934734,-0.7883180817606277,-0.4575935021031315,-0.35920283857104285,-0.8103754628379206,1.1566806794534872,-0.03995255197315141,-0.38558956843726877,0.4381211604123779,-0.1998288583761648,0.029182098141172785,0.5206373823218371,0.6636885474855215,-0.8051037329215017,0.5430885058887811,-0.4604510956287074,0.4460885847770842,-0.33490663800904563,0.33157317034527206,-0.5459744353699584,-2.2658986401681913
Maxx Williams,17.57662436298407,1.4388674691726946,-0.21630601085924567,-0.8460011332961612,-0.5014032148333251,-0.25259335498699903,-0.0640667642566327,-0.5727067743034441,-0.8466379021026047,-0.8771380441019493,-0.22822088258574724,-0.5132746064093592,-0.5500589834917315,0.564236675911993,-1.0787812069133669,-0.9037667966552418,-0.5275749056029274,0.020274381711367594,-0.5094848899136462,-0.7883180817606277,-0.6232022862009765,-0.046208858084284814,-0.8103754628379206,1.511519528534453,0.2891219968941365,0.13210617717610065,0.7557567885311115,-0.1998288583761648,-0.020394307223660455,0.8847970025086541,1.0863164836025274,-0.8051037329215017,1.0057119544482445,-0.5824311998162297,1.0207621738793233,-0.052296460491652305,0.5352299428079058,-0.024420581773736138,-0.6609799857115698
Kendall Blanton,16.92708747103501,1.2560581700747637,-0.5666214224936941,-0.7800693651306905,-0.5014032148333251,-0.556233450703078,-0.6222654868755925,-0.4111901180919919,-0.891933989313987,-0.8652157794248354,-0.22822088258574724,-0.3033672632315958,-0.3789874721735897,1.6828930450493833,-1.274585889754583,-0.9346556827897342,-0.32475809635799974,-0.5799022168998214,-0.24094749293934734,-0.7883180817606277,-0.5403978941520541,-0.5827699674901557,-0.8103754628379206,1.5426457433661167,-0.03995255197315141,-0.38558956843726877,0.6763478815014281,-0.6524714996979321,0.4753697464246715,0.3880549963314911,0.7034652944141809,-0.8051037329215017,0.5611421038813456,0.2714295294964264,0.9853150179160077,-0.617516815526439,0.7310537624835152,-0.24173468743882873,-0.24001771569016084
Drew Sample,16.4125599954072,2.4138503976949917,-0.3286988720919646,-0.9235679193731856,-0.6045757786851503,-0.3133213741302148,-0.5159419206624573,-0.6297126529663095,-0.891933989313987,-0.928233464146723,-0.22822088258574724,-0.40070074756051594,-0.38145055209451817,1.4247415752484471,-0.8829765240721507,-0.9346556827897342,-0.3037408104258829,-0.4106216378043578,-0.43444392566279816,-0.7025856230628484,-0.6232022862009765,-0.2697759870033977,-0.8103754628379206,1.7045020604907677,0.6170459354506997,-0.6444374412439523,0.5969389744717447,-0.6524714996979321,-1.2598044413444904,0.05394738363581933,0.7979350683697469,-0.8051037329215017,0.6333564958516033,-0.5824311998162297,0.9777959242268195,-0.42574562363963636,0.7349702388770274,-0.6329000776359953,-0.20055250287565377
Ross Dwelley,16.353594887497643,0.3724798911014321,-0.613372922857842,-0.5085856138611051,-0.13292977250537766,-0.6169614698462937,-0.43619924600260584,-0.221170522549107,-0.8466379021026047,-0.6267704858825579,-0.22822088258574724,-0.6805345150061615,-0.6845559365896314,1.109223112158414,-1.274585889754583,-0.8419890243862571,-0.7293408505512491,-0.5260402144603556,-0.6722174024269792,-0.7883180817606277,-0.37478911005420895,-0.5827699674901557,-0.36551206616373777,1.4056903981067965,0.6918356056478108,-2.7152204236974287,0.6763478815014281,-0.1998288583761648,2.408849555653166,1.0067727976197722,1.1062048570668572,-0.35374245265238485,1.1129051925290958,-0.5824311998162297,0.9978468407313213,-0.4930337611437776,0.5626452775624912,-0.6329000776359953,-2.1211928598483323
Stephen Anderson,14.944736128952329,1.53027211872166,-0.3110429692858165,-0.8809061870308222,-0.5677284344523555,-0.1918653358437832,-0.11722854736320029,-0.5727067743034441,-0.8466379021026047,-0.8924666701153814,-0.22822088258574724,-0.43592010044269097,-0.417752465559235,0.6502871658456384,-1.274585889754583,-0.7802112521172724,-0.40357291860343797,-0.08744962316756376,-0.550886801224459,-0.7883180817606277,-0.6232022862009765,-0.046208858084284814,-0.8103754628379206,1.3870146692077983,0.2776158937868886,0.13210617717610065,0.8351656955607948,-0.1998288583761648,0.25227592228292206,0.5754381018645135,0.7183815745124281,-0.8051037329215017,0.7157260366926784,-0.3384709914411851,1.078408558829766,-0.09939815674455116,1.1971144533114655,-0.5459744353699584,-0.6609799857115698
Jesper Horsted,14.935411702202678,1.4083992526563727,-0.6807202717160099,-0.84212279399231,-0.4940337459867661,-0.6776894889895095,-0.35645657134275444,-0.5727067743034441,-0.8466379021026047,-0.8754348634337902,-0.22822088258574724,-0.7945171479702917,-0.9371929183079623,0.9658056289356716,-1.274585889754583,-0.8728779105207495,-0.9184964239403007,-0.6414587911163535,-0.8268995432965432,-0.7883180817606277,-0.6232022862009765,-0.6721968190578009,-0.8103754628379206,1.4492670988711256,0.8414149460420324,0.13210617717610065,0.5175300674420613,0.25281378294560247,0.5993107598367545,0.6090256396487344,0.9669862428165493,-0.8051037329215017,0.9075455153636754,-0.3384709914411851,0.6455235935807896,-0.4762117267677423,0.6135594706781495,0.27981916615739344,0.1677894833930791
Blake Bell,11.758423386018912,0.9209077883952242,-0.4467294792401765,-0.8382444546884588,-0.5014032148333251,-0.3740493932734306,-0.46278013755588965,-0.5537048147491556,-0.891933989313987,-0.7885726493576748,-0.22822088258574724,-0.7868329255232718,-0.8091362959778564,1.3100075886702531,-1.0787812069133669,-0.9346556827897342,-0.8186643157627458,-0.3875379224731582,-0.8832521448029271,-0.05959218282950432,-0.5403978941520541,-0.35920283857104285,-0.36551206616373777,1.5301952574334512,0.9852412348826305,-0.12674169563058285,0.9939835096201616,-0.6524714996979321,0.4753697464246715,0.46230113248608484,0.7730746015393348,-0.35374245265238485,0.8736950191276172,-0.5824311998162297,1.09523700661033,-0.4324744373900505,1.1109519726541974,-0.1982718663058102,-0.02953658067945637
Geoff Swaim,11.756807399907757,0.6466938397483282,0.5011285597969944,-0.6908675611421125,-0.4792948082936482,0.4457788651599826,0.3080657174893405,-0.221170522549107,-0.4389731172001636,-0.5535337171517156,-0.22822088258574724,-0.8188505190525217,-0.8078417726266026,0.10530072959921745,1.2708749871812266,-0.5022112769068412,-0.8554445661439503,0.08567824181643305,-0.8464504458599827,-0.4882544763184004,-0.29198471800528647,0.6244925286730538,-0.36551206616373777,0.664886485113201,1.1923510908130914,-2.7152204236974287,0.8351656955607948,0.7054564242673698,-0.4913701581895758,-0.05035076000991963,1.2255350978528352,-0.35374245265238485,1.2832860235839225,0.2714295294964264,0.8019923527319912,0.4304959261005614,0.5939770887105886,0.019042239359282377,0.8913183849923757
Eric Saubert,10.694352057207361,0.03732950942189248,-0.39998306034462283,-0.34181702379550266,-0.05186561519322924,-0.4044134028450385,-0.43619924600260584,0.08286083031950883,-0.3030848555660165,-0.3491520369726206,-0.22822088258574724,-1.0199210064162123,-1.0874094734551822,1.1952736020920594,-0.0997577927072862,-0.2551001878309024,-1.0656174254651187,-0.5414293580144888,-1.0776111173453535,-0.4882544763184004,-0.1263759339074414,-0.40391626435486544,-0.36551206616373777,0.5154806539212154,1.692866575978372,-0.38558956843726877,0.7557567885311115,-0.1998288583761648,1.07028661080267,-0.20768185805179679,0.892404842325313,-0.35374245265238485,0.9526795103450865,-0.4604510956287074,0.7389751865749855,-0.4324744373900505,0.6331418526457105,-0.5894372565029768,-2.2658986401681913
Richard Rodgers,8.101022234738167,1.7130814178195906,-0.7017405616567259,-0.9002978835500783,-0.5824673721454735,-0.7080534985611174,-0.7020081615354438,-0.6012097136348769,-0.9372300765253694,-0.9350461868193595,-0.22822088258574724,-0.13521086201597432,-0.17727235537803174,2.1131454947176103,-1.0787812069133669,-0.8728779105207495,-0.0799067152488384,-0.6799316500016862,-0.026807607215088507,-0.7883180817606277,-0.6232022862009765,-0.6721968190578009,-0.8103754628379206,1.9597370221104098,-0.007735463272857598,2.4617370324362615,0.9145746025904782,-0.6524714996979321,-1.2598044413444904,-0.2748569336202387,1.3647537121031432,-0.8051037329215017,1.7312409237744273,-0.3384709914411851,0.8889990082783115,-0.6948981736562014,0.3276566939517599,-0.5459744353699584,-0.1347771481848086
Tommy Sweeney,6.639109953092785,1.5912085517543033,-0.46519039873212226,-0.8886628656385246,-0.5972063098385914,-0.4044134028450385,-0.46278013755588965,-0.5537048147491556,-0.9372300765253694,-0.929936644814882,-0.22822088258574724,-0.6907801449355215,-0.7771300687370896,1.2526405953811561,-1.274585889754583,-0.9655445689242266,-0.823918637245775,-0.5529712156800886,-0.8493255785899002,-0.7883180817606277,-0.5403978941520541,-0.35920283857104285,-0.8103754628379206,1.9908632369420736,0.9104515646855194,-0.38558956843726877,0.6763478815014281,-0.1998288583761648,-1.2598044413444904,-0.3826906075590535,0.9222374025218075,-0.8051037329215017,1.1602958872595774,-0.4604510956287074,1.0175397051553856,-0.4206990133268258,1.0561213031450267,-0.5894372565029768,-0.09531193537030153
Chris Manhertz,3.3520478555296904,1.1951217370421203,-0.5023724797529049,-0.7529209900037319,-0.5382505590661197,-0.4955054315598622,-0.38303746289603824,-0.297178360766261,-0.7107496404684577,-0.7851662880213565,-0.22822088258574724,-1.0196648656679783,-1.1075086424921905,0.99448912558022,0.8792656214987944,-0.7493223659827801,-1.1139571831089876,-0.4490944966896904,-1.0728958996682887,-0.6597193937139588,-0.4575935021031315,-0.4933431159225106,-0.8103754628379206,1.1193292216554906,1.5524921180699482,-0.6444374412439523,0.9145746025904782,-0.1998288583761648,-0.36742914477749283,0.8441384041382812,0.5692187735299555,-0.8051037329215017,0.6412549449733502,-0.5824311998162297,0.5749873337345958,-0.42574562363963636,0.6958054749419055,-0.6329000776359953,-0.6215147728970627
Tyler Kroft,2.0299379363887198,1.0427806544605114,-0.08217188967402443,-0.6947459004459636,-0.2729496805899977,-0.00968127841413584,-0.11722854736320029,-0.4966989360862901,-0.8013418148912224,-0.7936821913621521,-0.22822088258574724,-0.5838413825478262,-0.5499351136996078,0.6216036692010899,-0.49136715838971845,-0.8419890243862571,-0.576965527543402,-0.05667133605929765,-0.4879213944392646,-0.7883180817606277,-0.4575935021031315,-0.046208858084284814,-0.8103754628379206,1.3309874825108037,0.3984299764129908,-2.7152204236974287,0.9145746025904782,-0.1998288583761648,2.458425961017999,0.6638263591914108,0.49463737303871913,-0.8051037329215017,0.5239065580216814,0.0274693211213818,0.5202053654276533,-0.08594052924372295,0.8916292946175148,0.14943070275833792,-2.1211928598483323
Eric Tomlinson,1.7315765356162558,0.12873415897085783,-0.7481720794204493,-0.6094224357612368,-0.33190543136246925,-0.7384175081327253,-0.7020081615354438,-0.21166954277196276,-0.5748613788343105,-0.4666715030756002,-0.22822088258574724,-0.8803242986286819,-0.5846239894952414,2.3139299712294497,1.0750703043400105,-0.5948779353103183,-0.9605309958045345,-0.6953207935558192,-0.9401797728552946,-0.53112070566729,-0.20918032595636393,-0.7169102448416235,0.07935133051044509,0.9138962037665105,1.3131651734391936,-0.38558956843726877,0.9145746025904782,-0.6524714996979321,0.10354670618842254,-0.009692161639546788,1.0117350831112912,0.09761882761673209,1.354372065679645,-0.5824311998162297,0.9047532998175629,-0.7184490217826509,0.9229611057656124,-0.6329000776359953,-2.2658986401681913
Marcedes Lewis,-4.474512755929638,0.06779772593821427,0.014654826446705937,-0.6598408467113027,-0.20662446097096715,0.08141075030068785,-0.1703903304697679,-0.4966989360862901,-0.7107496404684577,-0.50584465844326,-0.22822088258574724,-0.4788236757718861,-0.4676059897742916,0.7076541591347353,2.054093718546091,-0.7802112521172724,-0.4193358830525256,0.1010673853705661,-0.4608951467780397,-0.6597193937139588,-0.20918032595636393,0.26678512240247326,0.07935133051044509,1.1068787357228251,0.16830791426803426,1.426345541209523,1.5498458588279453,-0.6524714996979321,1.0454984081202534,0.39689382206418095,0.8476560020305711,0.09761882761673209,0.8116357760281769,1.1252902588090825,0.9341135704134406,-0.00014815392594278676,0.852464530682393,0.5840589140885231,0.5361314696618119
